Date,Region, Median.Sales.Price ,Homes.Sold,New.Listings,Inventory,Days.on.Market,Average.Sale.To.List,Unrate,T10Y,M30Y, UMCSENT , Sold.Inventory.Ratio ,Market.Type
12-Jan,National,159000,274425,484633,2049020,96,95.6,8.3,1.73,3.92,75,13.39,Buyer
12-Feb,National,160000,302862,519906,2072924,97,95.8,8.3,1.69,3.89,75.3,14.61,Buyer
12-Mar,National,171000,391339,628620,2114750,92,96.2,8.2,1.83,3.95,76.2,18.51,Equilibrium
12-Apr,National,178000,401834,613082,2151676,80,96.5,8.2,1.76,3.91,76.4,18.68,Equilibrium
12-May,National,186000,460868,614708,2160029,72,96.9,8.2,1.52,3.8,79.3,21.34,Seller
12-Jun,National,194000,484659,580796,2141938,68,97,8.2,1.33,3.68,73.2,22.63,Seller
12-Jul,National,192000,447927,544275,2104352,68,97.1,8.2,1.28,3.55,72.3,21.29,Seller
12-Aug,National,191000,482132,539758,2042916,70,97,8.1,1.41,3.6,74.3,23.6,Seller
12-Sep,National,187000,389689,481333,2001953,72,97,7.8,1.47,3.5,78.3,19.47,Equilibrium
12-Oct,National,185000,420452,489429,1926567,73,97,7.8,1.47,3.38,82.6,21.82,Seller
12-Nov,National,189000,396043,387630,1813971,73,96.9,7.7,1.39,3.35,82.7,21.83,Seller
12-Dec,National,194000,388924,298759,1655680,76,96.9,7.9,1.46,3.35,72.9,23.49,Seller
13-Jan,National,180000,309443,491504,1671879,79,96.8,8,1.65,3.41,73.8,18.51,Equilibrium
13-Feb,National,181000,319589,507036,1707163,79,97,7.7,1.72,3.53,77.6,18.72,Equilibrium
13-Mar,National,193000,416449,608974,1751126,71,97.4,7.5,1.7,3.57,78.6,23.78,Seller
13-Apr,National,199000,456482,692433,1839120,61,97.7,7.6,1.53,3.45,76.4,24.82,Seller
13-May,National,209000,529438,707896,1910418,55,97.9,7.5,1.68,3.54,84.5,27.71,Seller
13-Jun,National,219000,521845,652864,1952961,53,98.1,7.5,1.97,4.07,84.1,26.72,Seller
13-Jul,National,220000,543162,652972,1981481,53,98,7.3,2.24,4.37,85.1,27.41,Seller
13-Aug,National,217000,533795,615827,1981583,54,97.8,7.2,2.38,4.46,82.1,26.94,Seller
13-Sep,National,210000,445100,553902,1985261,58,97.6,7.2,2.41,4.49,77.5,22.42,Seller
13-Oct,National,210000,444651,545138,1956098,61,97.4,7.2,2.28,4.19,73.2,22.73,Seller
13-Nov,National,208000,381140,408594,1854846,64,97.2,6.9,2.41,4.26,75.1,20.55,Seller
13-Dec,National,212000,405538,309040,1688129,68,97.1,6.7,2.56,4.46,82.5,24.02,Seller
14-Jan,National,200000,300806,478941,1705112,76,96.8,6.6,2.46,4.43,81.2,17.64,Equilibrium
14-Feb,National,201000,308251,494136,1739845,78,97,6.7,2.38,4.3,81.6,17.72,Equilibrium
14-Mar,National,210000,389278,646786,1809227,71,97.2,6.7,2.32,4.34,80,21.52,Seller
14-Apr,National,215000,440406,723128,1869922,60,97.5,6.2,2.29,4.34,84.1,23.55,Seller
14-May,National,222000,503339,748825,1940655,52,97.7,6.3,2.17,4.19,81.9,25.94,Seller
14-Jun,National,230000,538508,705900,2025705,48,97.8,6.1,2.15,4.16,82.5,26.58,Seller
14-Jul,National,229000,530184,678606,2112498,46,97.7,6.2,2.04,4.13,81.8,25.1,Seller
14-Aug,National,227000,510969,604282,2102878,51,97.5,6.1,1.95,4.12,82.5,24.3,Seller
14-Sep,National,220000,466650,577827,2086277,57,97.3,5.9,1.97,4.16,84.6,22.37,Seller
14-Oct,National,220000,477321,559555,2024170,62,97.1,5.7,1.86,4.04,86.9,23.58,Seller
14-Nov,National,220000,375617,399754,1899849,64,97.1,5.8,1.8,4,88.8,19.77,Equilibrium
14-Dec,National,223000,441655,329182,1725868,68,97,5.6,1.57,3.86,93.6,25.59,Seller
15-Jan,National,214000,307442,504429,1724058,76,96.7,5.7,1.33,3.67,98.1,17.83,Equilibrium
15-Feb,National,215000,331872,525737,1737476,76,97,5.5,1.36,3.71,95.4,19.1,Equilibrium
15-Mar,National,226000,454109,706220,1801980,67,97.5,5.4,1.4,3.77,93,25.2,Seller
15-Apr,National,232000,491060,795034,1917988,56,97.8,5.4,1.4,3.67,95.9,25.6,Seller
15-May,National,239000,539666,779691,2004463,48,98,5.6,1.59,3.84,90.7,26.92,Seller
15-Jun,National,246000,626585,757740,2039722,45,98.1,5.3,1.68,3.98,96.1,30.72,Seller
15-Jul,National,243000,617502,725103,2053475,46,98,5.2,1.66,4.05,93.1,30.07,Seller
15-Aug,National,241000,558829,644638,2021326,47,97.9,5.1,1.47,3.91,91.9,27.65,Seller
15-Sep,National,234000,521257,605305,1988026,51,97.7,5,1.46,3.89,87.2,26.22,Seller
15-Oct,National,233000,492849,568631,1913774,54,97.5,5,1.43,3.8,90,25.75,Seller
15-Nov,National,235000,390621,432580,1786521,57,97.4,5.1,1.38,3.94,91.3,21.86,Seller
15-Dec,National,239000,484120,338153,1597440,60,97.4,5,1.26,3.96,92.6,30.31,Seller
16-Jan,National,229000,338958,496987,1596833,66,97.2,4.8,1.19,3.87,92,21.23,Seller
16-Feb,National,228000,361652,585142,1632982,69,97.3,4.9,1.05,3.66,91.7,22.15,Seller
16-Mar,National,240000,480784,753674,1713296,60,97.8,5,1.01,3.69,91,28.06,Seller
16-Apr,National,246000,521308,776432,1787405,49,98.1,5.1,1.04,3.61,89,29.17,Seller
16-May,National,253000,586077,760433,1825328,43,98.4,4.8,0.99,3.6,94.7,32.11,Seller
16-Jun,National,260000,654822,760548,1866813,41,98.4,4.9,0.91,3.57,93.5,35.08,Seller
16-Jul,National,258000,579193,682752,1881037,42,98.4,4.8,0.83,3.44,90,30.79,Seller
16-Aug,National,256000,608571,659646,1841133,44,98.2,4.9,0.82,3.44,89.8,33.05,Seller
16-Sep,National,253000,547099,614275,1819009,47,98,5,0.86,3.46,91.2,30.08,Seller
16-Oct,National,252000,497867,541687,1735580,50,97.9,4.9,0.92,3.47,87.2,28.69,Seller
16-Nov,National,255000,472284,443550,1602485,51,97.8,4.7,1.16,3.77,93.8,29.47,Seller
16-Dec,National,255000,493038,331612,1416975,55,97.7,4.7,1.3,4.2,98.2,34.8,Seller
17-Jan,National,247000,357670,506439,1407944,60,97.5,4.7,1.23,4.15,98.5,25.4,Seller
17-Feb,National,248000,364875,569284,1438594,60,97.7,4.6,1.22,4.17,96.3,25.36,Seller
17-Mar,National,258000,528153,766672,1515635,50,98.1,4.4,1.17,4.2,96.9,34.85,Seller
17-Apr,National,263000,511425,727384,1579452,41,98.5,4.4,1.06,4.05,97,32.38,Seller
17-May,National,269000,623719,803801,1638543,37,98.7,4.4,1,4.01,97.1,38.07,Seller
17-Jun,National,278000,685718,784285,1695636,35,98.8,4.3,0.84,3.9,95,40.44,Seller
17-Jul,National,274000,585365,687975,1705373,36,98.7,4.3,0.95,3.97,93.4,34.32,Seller
17-Aug,National,272000,622906,679626,1683023,39,98.5,4.4,0.87,3.88,96.8,37.01,Seller
17-Sep,National,269000,530296,590409,1658479,42,98.3,4.3,0.82,3.81,95.1,31.97,Seller
17-Oct,National,269000,521652,574706,1585316,44,98.2,4.2,0.81,3.9,100.7,32.91,Seller
17-Nov,National,271000,490800,459016,1460362,46,98.1,4.2,0.66,3.92,98.5,33.61,Seller
17-Dec,National,272000,494123,326867,1283531,50,98,4.1,0.56,3.95,95.9,38.5,Seller
18-Jan,National,265000,359997,505554,1273953,54,97.8,4,0.55,4.03,95.7,28.26,Seller
18-Feb,National,269000,371710,566426,1316109,53,98.1,4.1,0.68,4.33,99.7,28.24,Seller
18-Mar,National,278000,511958,727297,1373203,45,98.5,4,0.57,4.44,101.4,37.28,Seller
18-Apr,National,282000,535355,770531,1451994,36,98.8,4,0.48,4.47,98.8,36.87,Seller
18-May,National,289000,622735,833293,1555584,33,98.9,3.8,0.47,4.59,98,40.03,Seller
18-Jun,National,294000,658310,778695,1629490,31,98.9,4,0.38,4.57,98.2,40.4,Seller
18-Jul,National,288000,611059,715104,1650435,32,98.8,3.8,0.28,4.53,97.9,37.02,Seller
18-Aug,National,285000,628223,708400,1674198,36,98.5,3.8,0.25,4.55,96.2,37.52,Seller
18-Sep,National,280000,489908,606942,1696740,39,98.3,3.7,0.24,4.63,100.1,28.87,Seller
18-Oct,National,279000,522336,609153,1668217,43,98.1,3.8,0.29,4.83,98.6,31.31,Seller
18-Nov,National,280000,474930,465698,1570813,46,97.9,3.8,0.26,4.87,97.5,30.23,Seller
18-Dec,National,279000,440713,318542,1402594,51,97.7,3.9,0.16,4.64,98.3,31.42,Seller
19-Jan,National,273000,332825,533254,1419890,57,97.5,4,0.17,4.46,91.2,23.44,Seller
19-Feb,National,276000,371078,546166,1439087,59,97.8,3.8,0.17,4.37,93.8,25.79,Seller
19-Mar,National,284000,485989,714292,1496156,50,98.1,3.8,0.16,4.27,98.4,32.48,Seller
19-Apr,National,290000,546323,785788,1568517,42,98.4,3.7,0.19,4.14,97.2,34.83,Seller
19-May,National,299000,641699,839447,1664338,37,98.6,3.6,0.19,4.07,100,38.56,Seller
19-Jun,National,303000,620191,742365,1704372,36,98.7,3.6,0.26,3.8,98.2,36.39,Seller
19-Jul,National,300000,632773,710995,1689871,36,98.6,3.7,0.22,3.77,98.4,37.45,Seller
19-Aug,National,297000,624565,679880,1669902,39,98.4,3.6,0.06,3.62,89.8,37.4,Seller
19-Sep,National,292000,530981,627186,1660928,42,98.3,3.5,0.05,3.61,93.2,31.97,Seller
19-Oct,National,294000,542105,611315,1607768,44,98.2,3.6,0.16,3.69,95.5,33.72,Seller
19-Nov,National,295000,479441,442297,1471256,45,98.1,3.6,0.2,3.7,96.8,32.59,Seller
19-Dec,National,297000,510344,324447,1272093,50,98,3.6,0.25,3.72,99.3,40.12,Seller
20-Jan,National,291000,377626,533526,1266161,56,97.7,3.6,0.24,3.62,99.8,29.82,Seller
20-Feb,National,294000,404648,586684,1283110,56,98.1,3.5,0.17,3.47,101,31.54,Seller
20-Mar,National,304000,505968,669478,1339655,44,98.6,4.4,0.42,3.45,89.1,37.77,Seller
20-Apr,National,304000,436476,475435,1321753,36,98.8,14.8,0.43,3.31,71.8,33.02,Seller
20-May,National,300000,421898,640494,1319155,39,98.5,13.2,0.5,3.23,72.3,31.98,Seller
20-Jun,National,311000,588054,719564,1258824,39,98.7,11,0.54,3.16,78.1,46.71,Seller
20-Jul,National,324000,703669,760346,1222409,35,99.1,10.2,0.48,3.02,72.5,57.56,Seller
20-Aug,National,329000,666988,719331,1175952,32,99.3,8.4,0.51,2.94,74.1,56.72,Seller
20-Sep,National,333000,663977,704423,1151477,30,99.4,7.8,0.54,2.89,80.4,57.66,Seller
20-Oct,National,336000,675753,688439,1116039,29,99.5,6.8,0.64,2.83,81.8,60.55,Seller
20-Nov,National,334000,585350,486546,993410,28,99.6,6.7,0.7,2.77,76.9,58.92,Seller
20-Dec,National,334000,631165,395686,830676,31,99.4,6.7,0.8,2.68,80.7,75.98,Seller
21-Jan,National,331000,433162,497981,775866,35,99.3,6.4,0.95,2.74,79,55.83,Seller
21-Feb,National,338000,438071,508195,730384,33,99.8,6.2,1.14,2.81,76.8,59.98,Seller
21-Mar,National,355000,588250,703783,725933,26,100.6,6.1,1.46,3.08,84.9,81.03,Seller
21-Apr,National,371000,621921,763510,782805,19,101.6,6.1,1.47,3.06,88.3,79.45,Seller
21-May,National,377000,629224,744671,804241,16,102.2,5.8,1.47,2.96,82.9,78.24,Seller
21-Jun,National,388000,726497,812838,877443,15,102.5,5.9,1.32,2.98,85.5,82.8,Seller
21-Jul,National,386000,677377,798469,974750,15,102.3,5.4,1.1,2.87,81.2,69.49,Seller
21-Aug,National,381000,670712,723631,968838,17,101.6,5.1,1.07,2.84,70.3,69.23,Seller
21-Sep,National,378000,637483,682437,975146,19,101,4.7,1.13,2.9,72.8,65.37,Seller
21-Oct,National,381000,612065,626080,925392,21,100.8,4.5,1.19,3.07,71.7,66.14,Seller
21-Nov,National,384000,591317,492441,800370,23,100.6,4.1,1.05,3.07,67.4,73.88,Seller
21-Dec,National,384000,596390,369532,650654,25,100.5,3.9,0.79,3.1,70.6,91.66,Seller
22-Jan,National,378000,415407,460990,626796,27,100.4,4,0.78,3.45,67.2,66.27,Seller
22-Feb,National,391000,419465,515377,645411,26,101.3,3.8,0.5,3.76,62.8,64.99,Seller
22-Mar,National,414000,552189,690346,705221,21,102.4,3.6,0.22,4.17,59.4,78.3,Seller
22-Apr,National,426000,554187,721057,809535,18,103.1,3.7,0.21,4.98,65.2,68.46,Seller
22-May,National,432000,593070,771242,931360,17,103.1,3.6,0.28,5.23,58.4,63.68,Seller
22-Jun,National,429000,617628,820184,1123842,18,102.3,3.6,0.15,5.52,50,54.96,Seller
22-Jul,National,415000,528247,702316,1237940,21,101,3.5,-0.14,5.41,51.5,42.67,Seller
22-Aug,National,409000,556590,619948,1222668,27,99.9,3.6,-0.35,5.22,58.2,45.52,Seller
22-Sep,National,405000,501383,567927,1243095,32,99.3,3.5,-0.34,6.11,58.6,40.33,Seller
22-Oct,National,400000,439574,492760,1221353,35,98.9,3.6,-0.39,6.9,59.9,35.99,Seller
22-Nov,National,394000,386013,381537,1138390,38,98.5,3.6,-0.61,6.81,56.7,33.91,Seller
22-Dec,National,389000,386190,275990,989412,45,98.1,3.5,-0.67,6.36,59.8,39.03,Seller
23-Jan,National,383000,279398,394371,952192,52,97.8,3.4,-0.68,6.27,64.9,29.34,Seller
23-Feb,National,387000,330996,411867,916141,52,98.2,3.6,-0.79,6.26,66.9,36.13,Seller
23-Mar,National,401000,450594,549586,928625,44,98.9,3.5,-0.64,6.54,62,48.52,Seller
23-Apr,National,408000,416252,529630,934910,36,99.5,3.4,-0.56,6.34,63.7,44.52,Seller
23-May,National,418000,498140,600895,964900,31,100,3.7,-0.56,6.43,59,51.63,Seller
23-Jun,National,425000,525342,608243,1004235,29,100.3,3.6,-0.89,6.71,64.2,52.31,Seller
23-Jul,National,422000,450543,545644,1023567,29,100.1,3.5,-0.93,6.84,71.5,44.02,Seller
23-Aug,National,420000,486141,562780,1048872,31,99.9,3.8,-0.73,7.07,69.4,46.35,Seller
23-Sep,National,412000,423833,525070,1097239,33,99.5,3.8,-0.64,7.2,67.8,38.63,Seller
23-Oct,National,414000,404554,499217,1114231,34,99.3,3.8,-0.27,7.62,63.8,36.31,Seller
23-Nov,National,408000,365693,406577,1079599,37,99,3.7,-0.38,7.44,61.3,33.87,Seller
23-Dec,National,402000,358490,283649,951963,43,98.6,3.7,-0.44,6.82,69.7,37.66,Seller
24-Jan,National,402000,289164,430259,957707,49,98.4,3.7,-0.26,6.64,79,30.19,Seller
24-Feb,National,412000,341434,496563,1001925,48,98.7,3.9,-0.34,6.78,76.9,34.08,Seller
24-Mar,National,420000,410497,556551,1037553,40,99.2,3.8,-0.38,6.82,79.4,39.56,Seller
24-Apr,National,433000,450886,623118,1091197,35,99.7,3.9,-0.33,6.99,77.2,41.32,Seller
24-May,National,440000,492104,652815,1133027,32,99.9,4,-0.37,7.06,69.1,43.43,Seller
12-Jan,"Boston, MA metro area",303000,2116,3743,17973,133,95.7,8.3,1.73,3.92,75,11.77,Buyer
12-Feb,"Boston, MA metro area",290000,2168,4834,19644,143,95.7,8.3,1.69,3.89,75.3,11.04,Buyer
12-Mar,"Boston, MA metro area",305000,2893,7189,22707,145,96.2,8.2,1.83,3.95,76.2,12.74,Buyer
12-Apr,"Boston, MA metro area",324000,3270,6762,24983,108,96.6,8.2,1.76,3.91,76.4,13.09,Buyer
12-May,"Boston, MA metro area",340000,4275,6352,25760,93,97.2,8.2,1.52,3.8,79.3,16.6,Equilibrium
12-Jun,"Boston, MA metro area",375000,5283,5460,24469,92,97.3,8.2,1.33,3.68,73.2,21.59,Seller
12-Jul,"Boston, MA metro area",360000,4754,4341,22695,95,97.2,8.2,1.28,3.55,72.3,20.95,Seller
12-Aug,"Boston, MA metro area",355000,5134,4207,20418,102,97.2,8.1,1.41,3.6,74.3,25.14,Seller
12-Sep,"Boston, MA metro area",335000,3428,5177,20735,105,97.2,7.8,1.47,3.5,78.3,16.53,Equilibrium
12-Oct,"Boston, MA metro area",325000,3471,4169,19802,105,97.2,7.8,1.47,3.38,82.6,17.53,Equilibrium
12-Nov,"Boston, MA metro area",337000,3820,2812,17120,99,97.2,7.7,1.39,3.35,82.7,22.31,Seller
12-Dec,"Boston, MA metro area",343000,3596,1690,13893,102,97.2,7.9,1.46,3.35,72.9,25.88,Seller
13-Jan,"Boston, MA metro area",325000,2557,3683,14117,114,97,8,1.65,3.41,73.8,18.11,Equilibrium
13-Feb,"Boston, MA metro area",317000,2097,4015,15368,126,96.9,7.7,1.72,3.53,77.6,13.65,Buyer
13-Mar,"Boston, MA metro area",325000,2844,5613,17383,112,97.3,7.5,1.7,3.57,78.6,16.36,Equilibrium
13-Apr,"Boston, MA metro area",350000,3439,7846,20920,85,98.2,7.6,1.53,3.45,76.4,16.44,Equilibrium
13-May,"Boston, MA metro area",365000,4629,7765,23046,78,98.6,7.5,1.68,3.54,84.5,20.09,Seller
13-Jun,"Boston, MA metro area",390000,5619,6139,22627,78,99,7.5,1.97,4.07,84.1,24.83,Seller
13-Jul,"Boston, MA metro area",386000,5872,5079,20812,80,99,7.3,2.24,4.37,85.1,28.21,Seller
13-Aug,"Boston, MA metro area",385000,5683,4783,18937,82,98.8,7.2,2.38,4.46,82.1,30.01,Seller
13-Sep,"Boston, MA metro area",370000,4161,5860,19429,85,98.5,7.2,2.41,4.49,77.5,21.42,Seller
13-Oct,"Boston, MA metro area",360000,3951,4887,18808,80,98.3,7.2,2.28,4.19,73.2,21.01,Seller
13-Nov,"Boston, MA metro area",362000,3627,2964,16575,81,98.1,6.9,2.41,4.26,75.1,21.88,Seller
13-Dec,"Boston, MA metro area",371000,3819,1849,13184,86,97.9,6.7,2.56,4.46,82.5,28.97,Seller
14-Jan,"Boston, MA metro area",365000,2592,3275,13098,101,97.8,6.6,2.46,4.43,81.2,19.79,Equilibrium
14-Feb,"Boston, MA metro area",340000,2060,3963,14340,114,97.7,6.7,2.38,4.3,81.6,14.37,Buyer
14-Mar,"Boston, MA metro area",361000,2774,5921,16659,95,98.4,6.7,2.32,4.34,80,16.65,Equilibrium
14-Apr,"Boston, MA metro area",367000,3313,7444,19812,77,98.9,6.2,2.29,4.34,84.1,16.72,Equilibrium
14-May,"Boston, MA metro area",385000,4451,7727,22044,73,99.3,6.3,2.17,4.19,81.9,20.19,Seller
14-Jun,"Boston, MA metro area",412000,5631,6680,22170,75,99.5,6.1,2.15,4.16,82.5,25.4,Seller
14-Jul,"Boston, MA metro area",405000,5612,5277,20948,75,99.2,6.2,2.04,4.13,81.8,26.79,Seller
14-Aug,"Boston, MA metro area",400000,5223,4318,18906,78,98.9,6.1,1.95,4.12,82.5,27.63,Seller
14-Sep,"Boston, MA metro area",377000,4085,5828,19245,83,98.4,5.9,1.97,4.16,84.6,21.23,Seller
14-Oct,"Boston, MA metro area",370000,4008,4921,18624,83,98.2,5.7,1.86,4.04,86.9,21.52,Seller
14-Nov,"Boston, MA metro area",382000,3416,2803,16323,78,98.1,5.8,1.8,4,88.8,20.93,Seller
14-Dec,"Boston, MA metro area",390000,3991,1895,12572,86,98.1,5.6,1.57,3.86,93.6,31.75,Seller
15-Jan,"Boston, MA metro area",385000,2511,2951,12074,101,98,5.7,1.33,3.67,98.1,20.8,Seller
15-Feb,"Boston, MA metro area",368000,2022,2426,10149,109,97.8,5.5,1.36,3.71,95.4,19.92,Equilibrium
15-Mar,"Boston, MA metro area",374000,2602,5543,9224,100,98.4,5.4,1.4,3.77,93,28.21,Seller
15-Apr,"Boston, MA metro area",385000,3003,8332,10784,50,98.9,5.4,1.4,3.67,95.9,27.85,Seller
15-May,"Boston, MA metro area",405000,4042,8462,12255,13,99.7,5.6,1.59,3.84,90.7,32.98,Seller
15-Jun,"Boston, MA metro area",425000,6229,7693,12592,10,100.1,5.3,1.68,3.98,96.1,49.47,Seller
15-Jul,"Boston, MA metro area",425000,6405,5851,12327,12,99.9,5.2,1.66,4.05,93.1,51.96,Seller
15-Aug,"Boston, MA metro area",420000,5807,5117,12005,16,99.5,5.1,1.47,3.91,91.9,48.37,Seller
15-Sep,"Boston, MA metro area",395000,4711,6497,12947,20,98.9,5,1.46,3.89,87.2,36.39,Seller
15-Oct,"Boston, MA metro area",390000,4307,5271,12139,22,98.7,5,1.43,3.8,90,35.48,Seller
15-Nov,"Boston, MA metro area",400000,3696,3295,10236,23,98.7,5.1,1.38,3.94,91.3,36.11,Seller
15-Dec,"Boston, MA metro area",400000,4482,2110,8080,28,98.4,5,1.26,3.96,92.6,55.47,Seller
16-Jan,"Boston, MA metro area",395000,3085,3308,7780,35,98.1,4.8,1.19,3.87,92,39.65,Seller
16-Feb,"Boston, MA metro area",375000,2369,4034,7718,46,98.1,4.9,1.05,3.66,91.7,30.69,Seller
16-Mar,"Boston, MA metro area",390000,3202,7097,9134,30,98.9,5,1.01,3.69,91,35.06,Seller
16-Apr,"Boston, MA metro area",415000,3670,7124,9879,16,99.5,5.1,1.04,3.61,89,37.15,Seller
16-May,"Boston, MA metro area",425000,4629,7185,10116,11,100.1,4.8,0.99,3.6,94.7,45.76,Seller
16-Jun,"Boston, MA metro area",450000,6471,7081,10576,10,100.2,4.9,0.91,3.57,93.5,61.19,Seller
16-Jul,"Boston, MA metro area",445000,5469,5205,10373,11,100.2,4.8,0.83,3.44,90,52.72,Seller
16-Aug,"Boston, MA metro area",439000,5976,4837,9824,14,99.9,4.9,0.82,3.44,89.8,60.83,Seller
16-Sep,"Boston, MA metro area",419000,4704,6298,10833,17,99.4,5,0.86,3.46,91.2,43.42,Seller
16-Oct,"Boston, MA metro area",415000,4096,4643,9967,19,99.2,4.9,0.92,3.47,87.2,41.1,Seller
16-Nov,"Boston, MA metro area",428000,4377,3312,8308,18,99.4,4.7,1.16,3.77,93.8,52.68,Seller
16-Dec,"Boston, MA metro area",420000,4372,1871,6517,23,98.9,4.7,1.3,4.2,98.2,67.09,Seller
17-Jan,"Boston, MA metro area",422000,3204,3464,6347,30,98.7,4.7,1.23,4.15,98.5,50.48,Seller
17-Feb,"Boston, MA metro area",400000,2228,3718,6461,35,98.9,4.6,1.22,4.17,96.3,34.48,Seller
17-Mar,"Boston, MA metro area",430000,3462,6365,7322,21,99.6,4.4,1.17,4.2,96.9,47.28,Seller
17-Apr,"Boston, MA metro area",446000,3280,6479,8237,12,100.3,4.4,1.06,4.05,97,39.82,Seller
17-May,"Boston, MA metro area",455000,4700,7653,8931,10,100.9,4.4,1,4.01,97.1,52.63,Seller
17-Jun,"Boston, MA metro area",475000,6503,6861,9040,9,101.2,4.3,0.84,3.9,95,71.94,Seller
17-Jul,"Boston, MA metro area",475000,5484,5131,8876,10,101,4.3,0.95,3.97,93.4,61.78,Seller
17-Aug,"Boston, MA metro area",465000,5881,4951,8495,13,100.4,4.4,0.87,3.88,96.8,69.23,Seller
17-Sep,"Boston, MA metro area",450000,4474,6291,9445,15,100,4.3,0.82,3.81,95.1,47.37,Seller
17-Oct,"Boston, MA metro area",447000,4382,4825,8709,14,100,4.2,0.81,3.9,100.7,50.32,Seller
17-Nov,"Boston, MA metro area",455000,4554,3612,7482,15,99.8,4.2,0.66,3.92,98.5,60.87,Seller
17-Dec,"Boston, MA metro area",455000,4001,1734,5532,21,99.4,4.1,0.56,3.95,95.9,72.32,Seller
18-Jan,"Boston, MA metro area",455000,3057,3005,5252,25,99.1,4,0.55,4.03,95.7,58.21,Seller
18-Feb,"Boston, MA metro area",440000,2168,4188,5693,29,99.4,4.1,0.68,4.33,99.7,38.08,Seller
18-Mar,"Boston, MA metro area",465000,3197,5308,5916,17,100.1,4,0.57,4.44,101.4,54.04,Seller
18-Apr,"Boston, MA metro area",484000,3631,7385,7616,10,101,4,0.48,4.47,98.8,47.68,Seller
18-May,"Boston, MA metro area",495000,4652,8399,9127,9,101.3,3.8,0.47,4.59,98,50.97,Seller
18-Jun,"Boston, MA metro area",513000,6341,6921,9396,9,101.3,4,0.38,4.57,98.2,67.49,Seller
18-Jul,"Boston, MA metro area",515000,5847,5293,9056,9,101.1,3.8,0.28,4.53,97.9,64.56,Seller
18-Aug,"Boston, MA metro area",500000,6104,5044,8964,13,100.3,3.8,0.25,4.55,96.2,68.09,Seller
18-Sep,"Boston, MA metro area",470000,4024,6544,10610,17,99.8,3.7,0.24,4.63,100.1,37.93,Seller
18-Oct,"Boston, MA metro area",470000,4338,5618,10599,16,99.7,3.8,0.29,4.83,98.6,40.93,Seller
18-Nov,"Boston, MA metro area",475000,4523,3502,9098,17,99.4,3.8,0.26,4.87,97.5,49.71,Seller
18-Dec,"Boston, MA metro area",458000,3767,1686,6994,24,98.9,3.9,0.16,4.64,98.3,53.86,Seller
19-Jan,"Boston, MA metro area",475000,2779,3826,6998,34,98.6,4,0.17,4.46,91.2,39.71,Seller
19-Feb,"Boston, MA metro area",454000,2486,3984,7165,39,98.4,3.8,0.17,4.37,93.8,34.7,Seller
19-Mar,"Boston, MA metro area",475000,3318,5998,7829,23,99.3,3.8,0.16,4.27,98.4,42.38,Seller
19-Apr,"Boston, MA metro area",485000,3799,7141,8864,14,99.8,3.7,0.19,4.14,97.2,42.86,Seller
19-May,"Boston, MA metro area",520000,5019,8371,10463,11,100.3,3.6,0.19,4.07,100,47.97,Seller
19-Jun,"Boston, MA metro area",529000,5746,6628,12184,10,100.4,3.6,0.26,3.8,98.2,47.16,Seller
19-Jul,"Boston, MA metro area",530000,5761,5011,11230,15,100.2,3.7,0.22,3.77,98.4,51.3,Seller
19-Aug,"Boston, MA metro area",515000,5760,4463,10308,23,99.8,3.6,0.06,3.62,89.8,55.88,Seller
19-Sep,"Boston, MA metro area",490000,4199,6551,11812,27,99.5,3.5,0.05,3.61,93.2,35.55,Seller
19-Oct,"Boston, MA metro area",485000,4327,5345,11126,27,99.4,3.6,0.16,3.69,95.5,38.89,Seller
19-Nov,"Boston, MA metro area",491000,4115,2913,8710,27,99.4,3.6,0.2,3.7,96.8,47.24,Seller
19-Dec,"Boston, MA metro area",500000,4431,1607,6143,34,99,3.6,0.25,3.72,99.3,72.13,Seller
20-Jan,"Boston, MA metro area",505000,3059,3336,6344,42,98.6,3.6,0.24,3.62,99.8,48.22,Seller
20-Feb,"Boston, MA metro area",498000,2426,4518,7122,48,98.9,3.5,0.17,3.47,101,34.06,Seller
20-Mar,"Boston, MA metro area",520000,3244,5261,7371,25,100,4.4,0.42,3.45,89.1,44.01,Seller
20-Apr,"Boston, MA metro area",538000,3204,3291,7535,20,100.5,14.8,0.43,3.31,71.8,42.52,Seller
20-May,"Boston, MA metro area",530000,3096,5576,8589,21,99.8,13.2,0.5,3.23,72.3,36.05,Seller
20-Jun,"Boston, MA metro area",540000,4133,6874,8995,22,99.9,11,0.54,3.16,78.1,45.95,Seller
20-Jul,"Boston, MA metro area",555000,5506,6427,8960,20,100.6,10.2,0.48,3.02,72.5,61.45,Seller
20-Aug,"Boston, MA metro area",569000,5565,5784,8462,21,100.8,8.4,0.51,2.94,74.1,65.76,Seller
20-Sep,"Boston, MA metro area",560000,5238,6891,9433,20,101.1,7.8,0.54,2.89,80.4,55.53,Seller
20-Oct,"Boston, MA metro area",550000,5265,6232,9306,20,101.2,6.8,0.64,2.83,81.8,56.58,Seller
20-Nov,"Boston, MA metro area",550000,4667,3625,7380,21,101.4,6.7,0.7,2.77,76.9,63.24,Seller
20-Dec,"Boston, MA metro area",550000,5291,2254,5056,22,100.8,6.7,0.8,2.68,80.7,104.65,Seller
21-Jan,"Boston, MA metro area",557000,3396,3354,5187,24,100.5,6.4,0.95,2.74,79,65.47,Seller
21-Feb,"Boston, MA metro area",550000,2581,3831,5095,27,100.4,6.2,1.14,2.81,76.8,50.66,Seller
21-Mar,"Boston, MA metro area",576000,3661,6202,5640,20,102.1,6.1,1.46,3.08,84.9,64.91,Seller
21-Apr,"Boston, MA metro area",601000,4295,6970,6522,19,103.2,6.1,1.47,3.06,88.3,65.85,Seller
21-May,"Boston, MA metro area",620000,4885,6127,6152,18,104.2,5.8,1.47,2.96,82.9,79.41,Seller
21-Jun,"Boston, MA metro area",650000,6431,7520,7030,17,105.1,5.9,1.32,2.98,85.5,91.48,Seller
21-Jul,"Boston, MA metro area",635000,5895,5621,7127,18,104.5,5.4,1.1,2.87,81.2,82.71,Seller
21-Aug,"Boston, MA metro area",625000,5699,4991,6551,19,103.6,5.1,1.07,2.84,70.3,86.99,Seller
21-Sep,"Boston, MA metro area",605000,5129,6603,7888,20,102.8,4.7,1.13,2.9,72.8,65.02,Seller
21-Oct,"Boston, MA metro area",600000,4450,4763,6851,20,102.3,4.5,1.19,3.07,71.7,64.95,Seller
21-Nov,"Boston, MA metro area",610000,4768,3454,5104,20,102.2,4.1,1.05,3.07,67.4,93.42,Seller
21-Dec,"Boston, MA metro area",620000,4903,1869,3210,21,102,3.9,0.79,3.1,70.6,152.74,Seller
22-Jan,"Boston, MA metro area",595000,3073,2768,3337,22,101.6,4,0.78,3.45,67.2,92.09,Seller
22-Feb,"Boston, MA metro area",595000,2215,3486,3563,22,102.4,3.8,0.5,3.76,62.8,62.17,Seller
22-Mar,"Boston, MA metro area",637000,3232,5954,4852,19,104.3,3.6,0.22,4.17,59.4,66.61,Seller
22-Apr,"Boston, MA metro area",675000,3612,5929,5595,17,105.6,3.7,0.21,4.98,65.2,64.56,Seller
22-May,"Boston, MA metro area",690000,4526,6348,5995,16,106.3,3.6,0.28,5.23,58.4,75.5,Seller
22-Jun,"Boston, MA metro area",705000,5713,6807,7203,16,105.9,3.6,0.15,5.52,50,79.31,Seller
22-Jul,"Boston, MA metro area",688000,4665,4797,7262,18,104.2,3.5,-0.14,5.41,51.5,64.24,Seller
22-Aug,"Boston, MA metro area",675000,4908,3970,6358,20,102.2,3.6,-0.35,5.22,58.2,77.19,Seller
22-Sep,"Boston, MA metro area",650000,4024,5155,7278,21,101.3,3.5,-0.34,6.11,58.6,55.29,Seller
22-Oct,"Boston, MA metro area",630000,3437,3888,6880,21,100.7,3.6,-0.39,6.9,59.9,49.96,Seller
22-Nov,"Boston, MA metro area",641000,3320,2803,5751,22,100.4,3.6,-0.61,6.81,56.7,57.73,Seller
22-Dec,"Boston, MA metro area",605000,3288,1285,4021,25,99.6,3.5,-0.67,6.36,59.8,81.77,Seller
23-Jan,"Boston, MA metro area",610000,2164,2454,4083,32,99.2,3.4,-0.68,6.27,64.9,53,Seller
23-Feb,"Boston, MA metro area",598000,1825,2657,3943,31,99.6,3.6,-0.79,6.26,66.9,46.28,Seller
23-Mar,"Boston, MA metro area",650000,2662,4425,4922,22,100.7,3.5,-0.64,6.54,62,54.08,Seller
23-Apr,"Boston, MA metro area",669000,2578,4092,5159,19,102.2,3.4,-0.56,6.34,63.7,49.97,Seller
23-May,"Boston, MA metro area",700000,3444,5182,5527,18,102.9,3.7,-0.56,6.43,59,62.31,Seller
23-Jun,"Boston, MA metro area",730000,4486,4382,5313,18,103.7,3.6,-0.89,6.71,64.2,84.43,Seller
23-Jul,"Boston, MA metro area",735000,3700,3543,5149,19,103.1,3.5,-0.93,6.84,71.5,71.86,Seller
23-Aug,"Boston, MA metro area",713000,3784,3442,4879,19,102.7,3.8,-0.73,7.07,69.4,77.56,Seller
23-Sep,"Boston, MA metro area",685000,3063,4463,5871,20,102.1,3.8,-0.64,7.2,67.8,52.17,Seller
23-Oct,"Boston, MA metro area",685000,3015,3797,5823,19,102,3.8,-0.27,7.62,63.8,51.78,Seller
23-Nov,"Boston, MA metro area",675000,3025,2682,5005,20,101.5,3.7,-0.38,7.44,61.3,60.44,Seller
23-Dec,"Boston, MA metro area",670000,2682,1253,3502,22,100.7,3.7,-0.44,6.82,69.7,76.58,Seller
24-Jan,"Boston, MA metro area",675000,1983,2713,3916,26,100.1,3.7,-0.26,6.64,79,50.64,Seller
24-Feb,"Boston, MA metro area",665000,1809,3156,4240,23,100.7,3.9,-0.34,6.78,76.9,42.67,Seller
24-Mar,"Boston, MA metro area",710000,2454,3643,4324,20,101.7,3.8,-0.38,6.82,79.4,56.75,Seller
24-Apr,"Boston, MA metro area",714000,2926,5127,5344,18,102.8,3.9,-0.33,6.99,77.2,54.75,Seller
24-May,"Boston, MA metro area",735000,3574,5796,6107,18,103.4,4,-0.37,7.06,69.1,58.52,Seller
12-Jan,"Chicago, IL metro area",140000,3989,8131,39017,96,93.8,8.3,1.73,3.92,75,10.22,Buyer
12-Feb,"Chicago, IL metro area",135000,4314,9649,39506,100,94.1,8.3,1.69,3.89,75.3,10.92,Buyer
12-Mar,"Chicago, IL metro area",150000,5739,11636,40214,102,94.6,8.2,1.83,3.95,76.2,14.27,Buyer
12-Apr,"Chicago, IL metro area",157000,6049,11116,40290,87,94.8,8.2,1.76,3.91,76.4,15.01,Equilibrium
12-May,"Chicago, IL metro area",170000,7279,11204,40140,70,95.1,8.2,1.52,3.8,79.3,18.13,Equilibrium
12-Jun,"Chicago, IL metro area",180000,7911,10781,39889,62,95.5,8.2,1.33,3.68,73.2,19.83,Equilibrium
12-Jul,"Chicago, IL metro area",172000,7383,9929,39240,62,95.4,8.2,1.28,3.55,72.3,18.81,Equilibrium
12-Aug,"Chicago, IL metro area",170000,8030,9645,37974,64,95.5,8.1,1.41,3.6,74.3,21.15,Seller
12-Sep,"Chicago, IL metro area",160000,6542,8743,37035,63,95.7,7.8,1.47,3.5,78.3,17.66,Equilibrium
12-Oct,"Chicago, IL metro area",154000,7215,8670,35049,66,95.4,7.8,1.47,3.38,82.6,20.59,Seller
12-Nov,"Chicago, IL metro area",155000,6638,6578,32256,68,95.4,7.7,1.39,3.35,82.7,20.58,Seller
12-Dec,"Chicago, IL metro area",151000,6439,5224,29424,69,95.3,7.9,1.46,3.35,72.9,21.88,Seller
13-Jan,"Chicago, IL metro area",141000,5461,9045,29424,75,95.6,8,1.65,3.41,73.8,18.56,Equilibrium
13-Feb,"Chicago, IL metro area",139000,5157,9625,29548,73,95.9,7.7,1.72,3.53,77.6,17.45,Equilibrium
13-Mar,"Chicago, IL metro area",155000,6883,10881,29332,66,96.2,7.5,1.7,3.57,78.6,23.47,Seller
13-Apr,"Chicago, IL metro area",173000,7934,12793,29923,50,96.8,7.6,1.53,3.45,76.4,26.51,Seller
13-May,"Chicago, IL metro area",184000,9490,12684,30540,43,97.1,7.5,1.68,3.54,84.5,31.07,Seller
13-Jun,"Chicago, IL metro area",207000,9576,12086,31102,39,97.3,7.5,1.97,4.07,84.1,30.79,Seller
13-Jul,"Chicago, IL metro area",203000,10142,11822,31473,38,97.5,7.3,2.24,4.37,85.1,32.22,Seller
13-Aug,"Chicago, IL metro area",198000,9971,11227,31430,39,97.5,7.2,2.38,4.46,82.1,31.72,Seller
13-Sep,"Chicago, IL metro area",185000,8315,10080,31899,41,97.3,7.2,2.41,4.49,77.5,26.07,Seller
13-Oct,"Chicago, IL metro area",175000,8099,9320,31753,44,97,7.2,2.28,4.19,73.2,25.51,Seller
13-Nov,"Chicago, IL metro area",170000,6639,6791,28078,50,96.8,6.9,2.41,4.26,75.1,23.64,Seller
13-Dec,"Chicago, IL metro area",175000,7129,5629,25837,52,97.1,6.7,2.56,4.46,82.5,27.59,Seller
14-Jan,"Chicago, IL metro area",164000,5081,7551,25573,59,96.7,6.6,2.46,4.43,81.2,19.87,Equilibrium
14-Feb,"Chicago, IL metro area",158000,4960,9155,26578,65,96.9,6.7,2.38,4.3,81.6,18.66,Equilibrium
14-Mar,"Chicago, IL metro area",176000,6234,12028,28049,61,96.8,6.7,2.32,4.34,80,22.23,Seller
14-Apr,"Chicago, IL metro area",188000,7370,14070,29920,45,97.3,6.2,2.29,4.34,84.1,24.63,Seller
14-May,"Chicago, IL metro area",210000,8483,14030,31374,37,97.3,6.3,2.17,4.19,81.9,27.04,Seller
14-Jun,"Chicago, IL metro area",220000,9686,13403,34225,33,97.4,6.1,2.15,4.16,82.5,28.3,Seller
14-Jul,"Chicago, IL metro area",220000,9617,12471,36399,33,97.4,6.2,2.04,4.13,81.8,26.42,Seller
14-Aug,"Chicago, IL metro area",217000,9020,10878,36223,40,97,6.1,1.95,4.12,82.5,24.9,Seller
14-Sep,"Chicago, IL metro area",198000,7925,10702,36190,44,96.7,5.9,1.97,4.16,84.6,21.9,Seller
14-Oct,"Chicago, IL metro area",187000,7931,9508,34902,50,96.5,5.7,1.86,4.04,86.9,22.72,Seller
14-Nov,"Chicago, IL metro area",183000,6118,6731,32351,54,96.3,5.8,1.8,4,88.8,18.91,Equilibrium
14-Dec,"Chicago, IL metro area",185000,7025,5360,29191,59,96.1,5.6,1.57,3.86,93.6,24.07,Seller
15-Jan,"Chicago, IL metro area",178000,4927,8430,29143,70,95.9,5.7,1.33,3.67,98.1,16.91,Equilibrium
15-Feb,"Chicago, IL metro area",172000,5036,9765,29961,78,95.8,5.5,1.36,3.71,95.4,16.81,Equilibrium
15-Mar,"Chicago, IL metro area",200000,7202,13895,32008,71,96.3,5.4,1.4,3.77,93,22.5,Seller
15-Apr,"Chicago, IL metro area",210000,8024,14839,34317,52,96.8,5.4,1.4,3.67,95.9,23.38,Seller
15-May,"Chicago, IL metro area",223000,9208,14079,35577,42,97,5.6,1.59,3.84,90.7,25.88,Seller
15-Jun,"Chicago, IL metro area",234000,11266,13524,36406,39,97.2,5.3,1.68,3.98,96.1,30.95,Seller
15-Jul,"Chicago, IL metro area",228000,10698,12442,36488,40,97.1,5.2,1.66,4.05,93.1,29.32,Seller
15-Aug,"Chicago, IL metro area",224000,9481,11033,35674,44,96.9,5.1,1.47,3.91,91.9,26.58,Seller
15-Sep,"Chicago, IL metro area",210000,8485,10154,34764,46,96.8,5,1.46,3.89,87.2,24.41,Seller
15-Oct,"Chicago, IL metro area",200000,8135,9242,33092,52,96.6,5,1.43,3.8,90,24.58,Seller
15-Nov,"Chicago, IL metro area",197000,6136,6624,29976,55,96.4,5.1,1.38,3.94,91.3,20.47,Seller
15-Dec,"Chicago, IL metro area",200000,7293,4960,26386,58,96.3,5,1.26,3.96,92.6,27.64,Seller
16-Jan,"Chicago, IL metro area",190000,5406,8142,26407,66,96.3,4.8,1.19,3.87,92,20.47,Seller
16-Feb,"Chicago, IL metro area",190000,5376,11658,28272,71,96.4,4.9,1.05,3.66,91.7,19.02,Equilibrium
16-Mar,"Chicago, IL metro area",210000,7324,14110,29924,63,96.9,5,1.01,3.69,91,24.48,Seller
16-Apr,"Chicago, IL metro area",231000,8850,14290,31367,41,97.2,5.1,1.04,3.61,89,28.21,Seller
16-May,"Chicago, IL metro area",235000,10064,13914,32411,36,97.4,4.8,0.99,3.6,94.7,31.05,Seller
16-Jun,"Chicago, IL metro area",246000,11632,13501,32889,33,97.6,4.9,0.91,3.57,93.5,35.37,Seller
16-Jul,"Chicago, IL metro area",241000,9987,11731,32922,35,97.5,4.8,0.83,3.44,90,30.34,Seller
16-Aug,"Chicago, IL metro area",235000,10312,10976,32118,39,97.2,4.9,0.82,3.44,89.8,32.11,Seller
16-Sep,"Chicago, IL metro area",220000,8627,10170,31723,41,97.1,5,0.86,3.46,91.2,27.19,Seller
16-Oct,"Chicago, IL metro area",220000,7726,8582,29915,46,96.9,4.9,0.92,3.47,87.2,25.83,Seller
16-Nov,"Chicago, IL metro area",215000,7119,6558,27143,49,96.8,4.7,1.16,3.77,93.8,26.23,Seller
16-Dec,"Chicago, IL metro area",215000,7065,4599,23508,54,96.6,4.7,1.3,4.2,98.2,30.05,Seller
17-Jan,"Chicago, IL metro area",208000,5503,8477,23507,62,96.4,4.7,1.23,4.15,98.5,23.41,Seller
17-Feb,"Chicago, IL metro area",209000,5249,11272,25224,66,96.8,4.6,1.22,4.17,96.3,20.81,Seller
17-Mar,"Chicago, IL metro area",235000,8446,14289,26770,50,97.3,4.4,1.17,4.2,96.9,31.55,Seller
17-Apr,"Chicago, IL metro area",247000,8793,13150,27744,33,97.6,4.4,1.06,4.05,97,31.69,Seller
17-May,"Chicago, IL metro area",250000,10762,14020,28500,29,97.8,4.4,1,4.01,97.1,37.76,Seller
17-Jun,"Chicago, IL metro area",255000,12067,13600,29525,28,97.9,4.3,0.84,3.9,95,40.87,Seller
17-Jul,"Chicago, IL metro area",250000,9717,11502,29772,30,97.8,4.3,0.95,3.97,93.4,32.64,Seller
17-Aug,"Chicago, IL metro area",240000,10122,11195,29523,32,97.5,4.4,0.87,3.88,96.8,34.29,Seller
17-Sep,"Chicago, IL metro area",234000,8274,10152,29390,36,97.3,4.3,0.82,3.81,95.1,28.15,Seller
17-Oct,"Chicago, IL metro area",225000,7926,8931,27670,41,97,4.2,0.81,3.9,100.7,28.64,Seller
17-Nov,"Chicago, IL metro area",225000,7141,6630,24857,44,97,4.2,0.66,3.92,98.5,28.73,Seller
17-Dec,"Chicago, IL metro area",227000,7100,4523,21458,49,97,4.1,0.56,3.95,95.9,33.09,Seller
18-Jan,"Chicago, IL metro area",225000,5184,8205,21435,56,96.7,4,0.55,4.03,95.7,24.18,Seller
18-Feb,"Chicago, IL metro area",230000,5091,10341,22938,64,96.9,4.1,0.68,4.33,99.7,22.19,Seller
18-Mar,"Chicago, IL metro area",245000,7789,13691,24447,47,97.3,4,0.57,4.44,101.4,31.86,Seller
18-Apr,"Chicago, IL metro area",253000,9102,14353,26276,31,97.7,4,0.48,4.47,98.8,34.64,Seller
18-May,"Chicago, IL metro area",255000,10595,14529,28035,26,97.8,3.8,0.47,4.59,98,37.79,Seller
18-Jun,"Chicago, IL metro area",265000,11372,13175,29328,27,98,4,0.38,4.57,98.2,38.78,Seller
18-Jul,"Chicago, IL metro area",255000,9810,12221,30094,29,97.8,3.8,0.28,4.53,97.9,32.6,Seller
18-Aug,"Chicago, IL metro area",245000,9963,11226,29994,32,97.4,3.8,0.25,4.55,96.2,33.22,Seller
18-Sep,"Chicago, IL metro area",240000,7463,10087,30171,36,97.3,3.7,0.24,4.63,100.1,24.74,Seller
18-Oct,"Chicago, IL metro area",232000,7875,9335,28777,41,97.1,3.8,0.29,4.83,98.6,27.37,Seller
18-Nov,"Chicago, IL metro area",235000,7035,6226,25895,47,96.9,3.8,0.26,4.87,97.5,27.17,Seller
18-Dec,"Chicago, IL metro area",229000,6038,4123,22518,54,96.7,3.9,0.16,4.64,98.3,26.81,Seller
19-Jan,"Chicago, IL metro area",225000,4615,7700,22562,62,96.5,4,0.17,4.46,91.2,20.45,Seller
19-Feb,"Chicago, IL metro area",233000,4920,10201,24353,70,96.8,3.8,0.17,4.37,93.8,20.2,Seller
19-Mar,"Chicago, IL metro area",243000,6956,13414,26561,56,97.3,3.8,0.16,4.27,98.4,26.19,Seller
19-Apr,"Chicago, IL metro area",255000,8578,14560,28688,35,97.5,3.7,0.19,4.14,97.2,29.9,Seller
19-May,"Chicago, IL metro area",262000,10347,14269,30302,30,97.7,3.6,0.19,4.07,100,34.15,Seller
19-Jun,"Chicago, IL metro area",265000,10120,12724,31343,29,97.7,3.6,0.26,3.8,98.2,32.29,Seller
19-Jul,"Chicago, IL metro area",261000,9948,11762,31540,32,97.5,3.7,0.22,3.77,98.4,31.54,Seller
19-Aug,"Chicago, IL metro area",254000,9390,10821,31399,37,97.4,3.6,0.06,3.62,89.8,29.91,Seller
19-Sep,"Chicago, IL metro area",243000,7601,10046,30974,41,97.2,3.5,0.05,3.61,93.2,24.54,Seller
19-Oct,"Chicago, IL metro area",240000,7752,9074,29387,48,97,3.6,0.16,3.69,95.5,26.38,Seller
19-Nov,"Chicago, IL metro area",242000,6526,5802,25933,50,96.8,3.6,0.2,3.7,96.8,25.16,Seller
19-Dec,"Chicago, IL metro area",240000,6892,4420,22331,55,96.7,3.6,0.25,3.72,99.3,30.86,Seller
20-Jan,"Chicago, IL metro area",234000,5115,8306,22123,65,96.5,3.6,0.24,3.62,99.8,23.12,Seller
20-Feb,"Chicago, IL metro area",242000,5260,11035,22539,72,96.8,3.5,0.17,3.47,101,23.34,Seller
20-Mar,"Chicago, IL metro area",265000,7200,10982,22544,47,97.5,4.4,0.42,3.45,89.1,31.94,Seller
20-Apr,"Chicago, IL metro area",275000,7227,6902,21811,25,97.7,14.8,0.43,3.31,71.8,33.13,Seller
20-May,"Chicago, IL metro area",265000,6346,10203,21684,28,97.3,13.2,0.5,3.23,72.3,29.27,Seller
20-Jun,"Chicago, IL metro area",270000,8091,12939,21625,30,97.4,11,0.54,3.16,78.1,37.42,Seller
20-Jul,"Chicago, IL metro area",280000,10874,13658,22069,23,97.9,10.2,0.48,3.02,72.5,49.27,Seller
20-Aug,"Chicago, IL metro area",285000,11049,12862,22075,21,98,8.4,0.51,2.94,74.1,50.05,Seller
20-Sep,"Chicago, IL metro area",276000,10315,12132,22263,20,98.2,7.8,0.54,2.89,80.4,46.33,Seller
20-Oct,"Chicago, IL metro area",275000,10402,10646,21380,19,98.2,6.8,0.64,2.83,81.8,48.65,Seller
20-Nov,"Chicago, IL metro area",270000,8341,7089,18880,20,98.1,6.7,0.7,2.77,76.9,44.18,Seller
20-Dec,"Chicago, IL metro area",269000,9119,5331,16059,23,98.1,6.7,0.8,2.68,80.7,56.78,Seller
21-Jan,"Chicago, IL metro area",270000,6159,8125,14923,32,98,6.4,0.95,2.74,79,41.27,Seller
21-Feb,"Chicago, IL metro area",274000,6074,8838,14063,36,98.1,6.2,1.14,2.81,76.8,43.19,Seller
21-Mar,"Chicago, IL metro area",300000,9297,13580,14387,24,98.7,6.1,1.46,3.08,84.9,64.62,Seller
21-Apr,"Chicago, IL metro area",312000,10484,14716,16006,13,99.4,6.1,1.47,3.06,88.3,65.5,Seller
21-May,"Chicago, IL metro area",315000,10902,13986,17060,9,100,5.8,1.47,2.96,82.9,63.9,Seller
21-Jun,"Chicago, IL metro area",320000,13018,15026,19283,8,100.3,5.9,1.32,2.98,85.5,67.51,Seller
21-Jul,"Chicago, IL metro area",312000,11692,13923,20735,10,100.1,5.4,1.1,2.87,81.2,56.39,Seller
21-Aug,"Chicago, IL metro area",305000,11195,12112,20403,13,99.7,5.1,1.07,2.84,70.3,54.87,Seller
21-Sep,"Chicago, IL metro area",293000,9954,11477,20281,15,99.2,4.7,1.13,2.9,72.8,49.08,Seller
21-Oct,"Chicago, IL metro area",293000,9557,9872,18737,19,99,4.5,1.19,3.07,71.7,51.01,Seller
21-Nov,"Chicago, IL metro area",294000,8957,7159,16290,22,98.7,4.1,1.05,3.07,67.4,54.98,Seller
21-Dec,"Chicago, IL metro area",290000,9126,4794,14128,25,98.7,3.9,0.79,3.1,70.6,64.6,Seller
22-Jan,"Chicago, IL metro area",290000,6335,7525,17397,32,98.3,4,0.78,3.45,67.2,36.41,Seller
22-Feb,"Chicago, IL metro area",292000,6181,9108,21025,51,98.9,3.8,0.5,3.76,62.8,29.4,Seller
22-Mar,"Chicago, IL metro area",310000,8782,12376,23072,52,99.8,3.6,0.22,4.17,59.4,38.06,Seller
22-Apr,"Chicago, IL metro area",328000,9503,12441,24680,48,100.6,3.7,0.21,4.98,65.2,38.5,Seller
22-May,"Chicago, IL metro area",329000,10188,12807,25886,48,101.1,3.6,0.28,5.23,58.4,39.36,Seller
22-Jun,"Chicago, IL metro area",340000,11016,13099,26767,48,101,3.6,0.15,5.52,50,41.16,Seller
22-Jul,"Chicago, IL metro area",325000,8960,10773,26997,49,100.2,3.5,-0.14,5.41,51.5,33.19,Seller
22-Aug,"Chicago, IL metro area",310000,8987,9306,25403,53,99.3,3.6,-0.35,5.22,58.2,35.38,Seller
22-Sep,"Chicago, IL metro area",305000,7874,8550,24385,57,98.7,3.5,-0.34,6.11,58.6,32.29,Seller
22-Oct,"Chicago, IL metro area",300000,6576,7197,22882,61,98.3,3.6,-0.39,6.9,59.9,28.74,Seller
22-Nov,"Chicago, IL metro area",295000,5857,5277,20517,60,98,3.6,-0.61,6.81,56.7,28.55,Seller
22-Dec,"Chicago, IL metro area",285000,5559,3441,16893,64,97.8,3.5,-0.67,6.36,59.8,32.91,Seller
23-Jan,"Chicago, IL metro area",285000,3865,5746,17375,75,97.6,3.4,-0.68,6.27,64.9,22.24,Seller
23-Feb,"Chicago, IL metro area",290000,4304,6547,18252,75,97.9,3.6,-0.79,6.26,66.9,23.58,Seller
23-Mar,"Chicago, IL metro area",308000,6823,8690,18731,57,98.8,3.5,-0.64,6.54,62,36.43,Seller
23-Apr,"Chicago, IL metro area",320000,6660,8391,19229,51,99.5,3.4,-0.56,6.34,63.7,34.64,Seller
23-May,"Chicago, IL metro area",329000,7839,9506,19736,49,100.2,3.7,-0.56,6.43,59,39.72,Seller
23-Jun,"Chicago, IL metro area",345000,8697,9415,19499,48,100.6,3.6,-0.89,6.71,64.2,44.6,Seller
23-Jul,"Chicago, IL metro area",337000,7192,8397,19448,49,100.4,3.5,-0.93,6.84,71.5,36.98,Seller
23-Aug,"Chicago, IL metro area",335000,7769,8490,18996,49,100.2,3.8,-0.73,7.07,69.4,40.9,Seller
23-Sep,"Chicago, IL metro area",320000,6563,7559,18763,50,99.8,3.8,-0.64,7.2,67.8,34.98,Seller
23-Oct,"Chicago, IL metro area",315000,6190,6954,18142,51,99.5,3.8,-0.27,7.62,63.8,34.12,Seller
23-Nov,"Chicago, IL metro area",320000,5327,5447,16898,52,99,3.7,-0.38,7.44,61.3,31.52,Seller
23-Dec,"Chicago, IL metro area",305000,5291,3494,13987,57,98.6,3.7,-0.44,6.82,69.7,37.83,Seller
24-Jan,"Chicago, IL metro area",312000,3979,5319,14289,65,98.7,3.7,-0.26,6.64,79,27.85,Seller
24-Feb,"Chicago, IL metro area",318000,4458,7504,16158,65,99,3.9,-0.34,6.78,76.9,27.59,Seller
24-Mar,"Chicago, IL metro area",339000,5879,7945,16831,50,99.7,3.8,-0.38,6.82,79.4,34.93,Seller
24-Apr,"Chicago, IL metro area",349000,7088,9117,17355,47,100.4,3.9,-0.33,6.99,77.2,40.84,Seller
24-May,"Chicago, IL metro area",355000,7695,9222,16950,47,100.6,4,-0.37,7.06,69.1,45.4,Seller
12-Jan,"Los Angeles, CA metro area",290000,5042,8338,24956,70,97.6,8.3,1.73,3.92,75,20.2,Seller
12-Feb,"Los Angeles, CA metro area",300000,5265,8173,24005,68,97.7,8.3,1.69,3.89,75.3,21.93,Seller
12-Mar,"Los Angeles, CA metro area",310000,6811,8475,22341,65,97.9,8.2,1.83,3.95,76.2,30.49,Seller
12-Apr,"Los Angeles, CA metro area",315000,6646,7991,21260,56,98.1,8.2,1.76,3.91,76.4,31.26,Seller
12-May,"Los Angeles, CA metro area",320000,7376,8392,19788,50,98.5,8.2,1.52,3.8,79.3,37.28,Seller
12-Jun,"Los Angeles, CA metro area",330000,7621,7921,18614,43,98.9,8.2,1.33,3.68,73.2,40.94,Seller
12-Jul,"Los Angeles, CA metro area",335000,7156,7638,17510,42,99.2,8.2,1.28,3.55,72.3,40.87,Seller
12-Aug,"Los Angeles, CA metro area",337000,7922,7431,15751,39,99.1,8.1,1.41,3.6,74.3,50.3,Seller
12-Sep,"Los Angeles, CA metro area",349000,6340,6596,14480,37,99.1,7.8,1.47,3.5,78.3,43.78,Seller
12-Oct,"Los Angeles, CA metro area",345000,7258,7093,12957,36,99.2,7.8,1.47,3.38,82.6,56.02,Seller
12-Nov,"Los Angeles, CA metro area",350000,6676,5969,11739,32,99.4,7.7,1.39,3.35,82.7,56.87,Seller
12-Dec,"Los Angeles, CA metro area",353000,7389,4267,9866,32,99.2,7.9,1.46,3.35,72.9,74.89,Seller
13-Jan,"Los Angeles, CA metro area",340000,5483,6949,9977,31,99.4,8,1.65,3.41,73.8,54.96,Seller
13-Feb,"Los Angeles, CA metro area",360000,5182,6836,9810,25,99.6,7.7,1.72,3.53,77.6,52.82,Seller
13-Mar,"Los Angeles, CA metro area",389000,6595,7550,9572,20,100.2,7.5,1.7,3.57,78.6,68.9,Seller
13-Apr,"Los Angeles, CA metro area",404000,6796,8559,10322,18,100.5,7.6,1.53,3.45,76.4,65.84,Seller
13-May,"Los Angeles, CA metro area",416000,7490,8529,10888,15,100.9,7.5,1.68,3.54,84.5,68.79,Seller
13-Jun,"Los Angeles, CA metro area",435000,6956,8560,12001,16,101.2,7.5,1.97,4.07,84.1,57.96,Seller
13-Jul,"Los Angeles, CA metro area",431000,7288,9156,13137,16,101,7.3,2.24,4.37,85.1,55.48,Seller
13-Aug,"Los Angeles, CA metro area",440000,7593,8604,13602,18,100.8,7.2,2.38,4.46,82.1,55.82,Seller
13-Sep,"Los Angeles, CA metro area",433000,6218,7924,14419,20,100.4,7.2,2.41,4.49,77.5,43.12,Seller
13-Oct,"Los Angeles, CA metro area",436000,6683,7720,14212,23,100,7.2,2.28,4.19,73.2,47.02,Seller
13-Nov,"Los Angeles, CA metro area",430000,5642,5700,13185,26,99.7,6.9,2.41,4.26,75.1,42.79,Seller
13-Dec,"Los Angeles, CA metro area",439000,6005,4378,11670,27,99.5,6.7,2.56,4.46,82.5,51.46,Seller
14-Jan,"Los Angeles, CA metro area",425000,4793,7303,12588,33,99.2,6.6,2.46,4.43,81.2,38.08,Seller
14-Feb,"Los Angeles, CA metro area",432000,4442,6873,12795,32,99.2,6.7,2.38,4.3,81.6,34.72,Seller
14-Mar,"Los Angeles, CA metro area",450000,5514,8204,13358,26,99.5,6.7,2.32,4.34,80,41.28,Seller
14-Apr,"Los Angeles, CA metro area",458000,6301,8245,13504,24,99.5,6.2,2.29,4.34,84.1,46.66,Seller
14-May,"Los Angeles, CA metro area",465000,6438,8537,13938,23,99.7,6.3,2.17,4.19,81.9,46.19,Seller
14-Jun,"Los Angeles, CA metro area",465000,6462,8460,15285,23,99.7,6.1,2.15,4.16,82.5,42.28,Seller
14-Jul,"Los Angeles, CA metro area",475000,6733,8699,16867,22,99.7,6.2,2.04,4.13,81.8,39.92,Seller
14-Aug,"Los Angeles, CA metro area",478000,6439,7885,17250,26,99.3,6.1,1.95,4.12,82.5,37.33,Seller
14-Sep,"Los Angeles, CA metro area",470000,6038,7631,17872,31,99.1,5.9,1.97,4.16,84.6,33.78,Seller
14-Oct,"Los Angeles, CA metro area",475000,6421,7873,17535,38,99,5.7,1.86,4.04,86.9,36.62,Seller
14-Nov,"Los Angeles, CA metro area",465000,5104,5441,16169,41,98.8,5.8,1.8,4,88.8,31.57,Seller
14-Dec,"Los Angeles, CA metro area",468000,6008,4295,13724,44,98.7,5.6,1.57,3.86,93.6,43.78,Seller
15-Jan,"Los Angeles, CA metro area",465000,4425,7391,14582,50,98.4,5.7,1.33,3.67,98.1,30.35,Seller
15-Feb,"Los Angeles, CA metro area",470000,4305,7392,15225,45,98.8,5.5,1.36,3.71,95.4,28.28,Seller
15-Mar,"Los Angeles, CA metro area",480000,6115,8618,15292,36,99.1,5.4,1.4,3.77,93,39.99,Seller
15-Apr,"Los Angeles, CA metro area",495000,6684,9030,15960,34,99.4,5.4,1.4,3.67,95.9,41.88,Seller
15-May,"Los Angeles, CA metro area",494000,6712,8690,16461,33,99.7,5.6,1.59,3.84,90.7,40.78,Seller
15-Jun,"Los Angeles, CA metro area",507000,7538,9385,17113,30,99.7,5.3,1.68,3.98,96.1,44.05,Seller
15-Jul,"Los Angeles, CA metro area",505000,7593,9287,17625,31,99.6,5.2,1.66,4.05,93.1,43.08,Seller
15-Aug,"Los Angeles, CA metro area",510000,6878,8501,17647,32,99.6,5.1,1.47,3.91,91.9,38.98,Seller
15-Sep,"Los Angeles, CA metro area",499000,6651,7841,17370,34,99.4,5,1.46,3.89,87.2,38.29,Seller
15-Oct,"Los Angeles, CA metro area",499000,6472,7615,16673,35,99.3,5,1.43,3.8,90,38.82,Seller
15-Nov,"Los Angeles, CA metro area",496000,4906,5882,15477,38,99.2,5.1,1.38,3.94,91.3,31.7,Seller
15-Dec,"Los Angeles, CA metro area",510000,6565,4365,13110,39,99,5,1.26,3.96,92.6,50.08,Seller
16-Jan,"Los Angeles, CA metro area",500000,4682,7062,14312,44,98.9,4.8,1.19,3.87,92,32.71,Seller
16-Feb,"Los Angeles, CA metro area",500000,4473,7628,15003,45,98.9,4.9,1.05,3.66,91.7,29.81,Seller
16-Mar,"Los Angeles, CA metro area",518000,6179,8749,15556,37,99.5,5,1.01,3.69,91,39.72,Seller
16-Apr,"Los Angeles, CA metro area",530000,6444,8899,16224,35,99.6,5.1,1.04,3.61,89,39.72,Seller
16-May,"Los Angeles, CA metro area",540000,6747,8780,16721,35,99.7,4.8,0.99,3.6,94.7,40.35,Seller
16-Jun,"Los Angeles, CA metro area",540000,7496,9463,17603,34,99.9,4.9,0.91,3.57,93.5,42.58,Seller
16-Jul,"Los Angeles, CA metro area",540000,6756,9151,18601,34,99.7,4.8,0.83,3.44,90,36.32,Seller
16-Aug,"Los Angeles, CA metro area",545000,7158,9301,19285,36,99.7,4.9,0.82,3.44,89.8,37.12,Seller
16-Sep,"Los Angeles, CA metro area",535000,6790,8867,19635,39,99.5,5,0.86,3.46,91.2,34.58,Seller
16-Oct,"Los Angeles, CA metro area",540000,6210,7257,18933,40,99.2,4.9,0.92,3.47,87.2,32.8,Seller
16-Nov,"Los Angeles, CA metro area",545000,6047,5752,17404,42,99.2,4.7,1.16,3.77,93.8,34.74,Seller
16-Dec,"Los Angeles, CA metro area",535000,6337,3870,14483,49,99.1,4.7,1.3,4.2,98.2,43.75,Seller
17-Jan,"Los Angeles, CA metro area",540000,4813,6643,14857,53,99,4.7,1.23,4.15,98.5,32.4,Seller
17-Feb,"Los Angeles, CA metro area",540000,4535,6626,15067,53,99.1,4.6,1.22,4.17,96.3,30.1,Seller
17-Mar,"Los Angeles, CA metro area",555000,6614,9021,15920,42,99.5,4.4,1.17,4.2,96.9,41.55,Seller
17-Apr,"Los Angeles, CA metro area",560000,5952,8421,16676,37,100.1,4.4,1.06,4.05,97,35.69,Seller
17-May,"Los Angeles, CA metro area",578000,7107,9163,17086,36,100.1,4.4,1,4.01,97.1,41.6,Seller
17-Jun,"Los Angeles, CA metro area",586000,8030,9010,17469,35,100.2,4.3,0.84,3.9,95,45.97,Seller
17-Jul,"Los Angeles, CA metro area",590000,6494,8419,17944,37,100.2,4.3,0.95,3.97,93.4,36.19,Seller
17-Aug,"Los Angeles, CA metro area",590000,7566,8195,17324,38,100.1,4.4,0.87,3.88,96.8,43.67,Seller
17-Sep,"Los Angeles, CA metro area",589000,6598,7436,17073,41,99.9,4.3,0.82,3.81,95.1,38.65,Seller
17-Oct,"Los Angeles, CA metro area",577000,6344,7007,16222,41,99.8,4.2,0.81,3.9,100.7,39.11,Seller
17-Nov,"Los Angeles, CA metro area",589000,5982,5642,14618,41,100,4.2,0.66,3.92,98.5,40.92,Seller
17-Dec,"Los Angeles, CA metro area",585000,5992,3605,11972,44,99.7,4.1,0.56,3.95,95.9,50.05,Seller
18-Jan,"Los Angeles, CA metro area",575000,4484,7006,13165,47,99.5,4,0.55,4.03,95.7,34.06,Seller
18-Feb,"Los Angeles, CA metro area",595000,4360,7399,14358,41,99.9,4.1,0.68,4.33,99.7,30.37,Seller
18-Mar,"Los Angeles, CA metro area",602000,6397,8072,14757,36,100.3,4,0.57,4.44,101.4,43.35,Seller
18-Apr,"Los Angeles, CA metro area",610000,6046,8723,16008,34,100.4,4,0.48,4.47,98.8,37.77,Seller
18-May,"Los Angeles, CA metro area",630000,6728,8992,16907,34,100.4,3.8,0.47,4.59,98,39.79,Seller
18-Jun,"Los Angeles, CA metro area",634000,7066,8880,17795,36,100.3,4,0.38,4.57,98.2,39.71,Seller
18-Jul,"Los Angeles, CA metro area",627000,6546,8475,18498,36,100.1,3.8,0.28,4.53,97.9,35.39,Seller
18-Aug,"Los Angeles, CA metro area",628000,6974,8462,18899,38,100,3.8,0.25,4.55,96.2,36.9,Seller
18-Sep,"Los Angeles, CA metro area",615000,5236,7484,19582,41,99.6,3.7,0.24,4.63,100.1,26.74,Seller
18-Oct,"Los Angeles, CA metro area",613000,5881,7690,19806,44,99.4,3.8,0.29,4.83,98.6,29.69,Seller
18-Nov,"Los Angeles, CA metro area",622000,5093,5897,18803,45,99.1,3.8,0.26,4.87,97.5,27.09,Seller
18-Dec,"Los Angeles, CA metro area",600000,4897,3486,16124,50,98.9,3.9,0.16,4.64,98.3,30.37,Seller
19-Jan,"Los Angeles, CA metro area",592000,3832,6869,17374,58,98.5,4,0.17,4.46,91.2,22.06,Seller
19-Feb,"Los Angeles, CA metro area",600000,3903,6371,18172,59,98.8,3.8,0.17,4.37,93.8,21.48,Seller
19-Mar,"Los Angeles, CA metro area",620000,5388,7788,18659,51,99,3.8,0.16,4.27,98.4,28.88,Seller
19-Apr,"Los Angeles, CA metro area",626000,6042,8314,19275,48,99.3,3.7,0.19,4.14,97.2,31.35,Seller
19-May,"Los Angeles, CA metro area",626000,6633,8835,19835,45,99.5,3.6,0.19,4.07,100,33.44,Seller
19-Jun,"Los Angeles, CA metro area",635000,6337,7958,20048,45,99.6,3.6,0.26,3.8,98.2,31.61,Seller
19-Jul,"Los Angeles, CA metro area",650000,6561,8001,19868,46,99.4,3.7,0.22,3.77,98.4,33.02,Seller
19-Aug,"Los Angeles, CA metro area",635000,6658,7461,19013,47,99.4,3.6,0.06,3.62,89.8,35.02,Seller
19-Sep,"Los Angeles, CA metro area",640000,5806,7217,18819,49,99.4,3.5,0.05,3.61,93.2,30.85,Seller
19-Oct,"Los Angeles, CA metro area",641000,6252,6866,17762,49,99.4,3.6,0.16,3.69,95.5,35.2,Seller
19-Nov,"Los Angeles, CA metro area",639000,5513,4944,15843,48,99.5,3.6,0.2,3.7,96.8,34.8,Seller
19-Dec,"Los Angeles, CA metro area",650000,5749,3317,12135,53,99.3,3.6,0.25,3.72,99.3,47.38,Seller
20-Jan,"Los Angeles, CA metro area",635000,4531,6287,12804,58,99.2,3.6,0.24,3.62,99.8,35.39,Seller
20-Feb,"Los Angeles, CA metro area",636000,4386,6676,13605,48,99.6,3.5,0.17,3.47,101,32.24,Seller
20-Mar,"Los Angeles, CA metro area",660000,5194,6182,13620,41,100.2,4.4,0.42,3.45,89.1,38.14,Seller
20-Apr,"Los Angeles, CA metro area",650000,3835,4383,13574,38,100,14.8,0.43,3.31,71.8,28.25,Seller
20-May,"Los Angeles, CA metro area",635000,3156,6381,14903,44,99.2,13.2,0.5,3.23,72.3,21.18,Seller
20-Jun,"Los Angeles, CA metro area",655000,4621,7275,15532,42,99.3,11,0.54,3.16,78.1,29.75,Seller
20-Jul,"Los Angeles, CA metro area",700000,6240,8499,15952,42,99.9,10.2,0.48,3.02,72.5,39.12,Seller
20-Aug,"Los Angeles, CA metro area",710000,6305,8332,16263,40,100.2,8.4,0.51,2.94,74.1,38.77,Seller
20-Sep,"Los Angeles, CA metro area",730000,6720,8496,16463,39,100.7,7.8,0.54,2.89,80.4,40.82,Seller
20-Oct,"Los Angeles, CA metro area",735000,6989,8629,16686,37,101,6.8,0.64,2.83,81.8,41.89,Seller
20-Nov,"Los Angeles, CA metro area",719000,6142,6059,15328,38,101,6.7,0.7,2.77,76.9,40.07,Seller
20-Dec,"Los Angeles, CA metro area",730000,7165,4748,12464,40,100.9,6.7,0.8,2.68,80.7,57.49,Seller
21-Jan,"Los Angeles, CA metro area",721000,5192,6350,12369,43,100.8,6.4,0.95,2.74,79,41.98,Seller
21-Feb,"Los Angeles, CA metro area",745000,5040,7023,12506,41,101.1,6.2,1.14,2.81,76.8,40.3,Seller
21-Mar,"Los Angeles, CA metro area",775000,7127,8576,12656,35,102,6.1,1.46,3.08,84.9,56.31,Seller
21-Apr,"Los Angeles, CA metro area",793000,7508,8399,12896,33,102.9,6.1,1.47,3.06,88.3,58.22,Seller
21-May,"Los Angeles, CA metro area",812000,7043,8306,13166,31,103.4,5.8,1.47,2.96,82.9,53.49,Seller
21-Jun,"Los Angeles, CA metro area",828000,7727,8769,13401,31,103.7,5.9,1.32,2.98,85.5,57.66,Seller
21-Jul,"Los Angeles, CA metro area",821000,7343,8959,14193,31,103.5,5.4,1.1,2.87,81.2,51.74,Seller
21-Aug,"Los Angeles, CA metro area",825000,7045,8046,14046,32,103.2,5.1,1.07,2.84,70.3,50.16,Seller
21-Sep,"Los Angeles, CA metro area",820000,6984,7728,13649,34,102.6,4.7,1.13,2.9,72.8,51.17,Seller
21-Oct,"Los Angeles, CA metro area",810000,6803,7237,12999,34,102.5,4.5,1.19,3.07,71.7,52.33,Seller
21-Nov,"Los Angeles, CA metro area",820000,6536,5569,11226,34,102.5,4.1,1.05,3.07,67.4,58.22,Seller
21-Dec,"Los Angeles, CA metro area",840000,6848,3886,8476,36,102.4,3.9,0.79,3.1,70.6,80.79,Seller
22-Jan,"Los Angeles, CA metro area",825000,4827,5895,8873,39,102.3,4,0.78,3.45,67.2,54.4,Seller
22-Feb,"Los Angeles, CA metro area",840000,4691,6638,9604,32,103.5,3.8,0.5,3.76,62.8,48.84,Seller
22-Mar,"Los Angeles, CA metro area",875000,6593,7848,10114,28,104.8,3.6,0.22,4.17,59.4,65.19,Seller
22-Apr,"Los Angeles, CA metro area",900000,6358,7833,11081,27,105.3,3.7,0.21,4.98,65.2,57.38,Seller
22-May,"Los Angeles, CA metro area",900000,6004,7980,12366,27,105,3.6,0.28,5.23,58.4,48.55,Seller
22-Jun,"Los Angeles, CA metro area",890000,6122,8323,14146,29,103.7,3.6,0.15,5.52,50,43.28,Seller
22-Jul,"Los Angeles, CA metro area",861000,4969,7187,15318,34,102,3.5,-0.14,5.41,51.5,32.44,Seller
22-Aug,"Los Angeles, CA metro area",845000,5107,6512,15205,38,100.4,3.6,-0.35,5.22,58.2,33.59,Seller
22-Sep,"Los Angeles, CA metro area",840000,4833,5786,15019,43,99.6,3.5,-0.34,6.11,58.6,32.18,Seller
22-Oct,"Los Angeles, CA metro area",825000,4156,5260,14597,44,99.5,3.6,-0.39,6.9,59.9,28.47,Seller
22-Nov,"Los Angeles, CA metro area",810000,3709,3992,13483,47,98.9,3.6,-0.61,6.81,56.7,27.51,Seller
22-Dec,"Los Angeles, CA metro area",798000,3611,2530,11074,51,98.5,3.5,-0.67,6.36,59.8,32.61,Seller
23-Jan,"Los Angeles, CA metro area",799000,2853,4170,11027,60,98.4,3.4,-0.68,6.27,64.9,25.87,Seller
23-Feb,"Los Angeles, CA metro area",795000,3072,4232,10757,57,98.8,3.6,-0.79,6.26,66.9,28.56,Seller
23-Mar,"Los Angeles, CA metro area",820000,4481,5266,10485,44,99.7,3.5,-0.64,6.54,62,42.74,Seller
23-Apr,"Los Angeles, CA metro area",829000,3933,5025,10406,38,100.5,3.4,-0.56,6.34,63.7,37.8,Seller
23-May,"Los Angeles, CA metro area",843000,4685,5797,10678,34,101.1,3.7,-0.56,6.43,59,43.88,Seller
23-Jun,"Los Angeles, CA metro area",861000,4862,5815,10876,34,101.4,3.6,-0.89,6.71,64.2,44.7,Seller
23-Jul,"Los Angeles, CA metro area",860000,4102,5407,11283,32,101.7,3.5,-0.93,6.84,71.5,36.36,Seller
23-Aug,"Los Angeles, CA metro area",867000,4649,5413,11273,34,101.6,3.8,-0.73,7.07,69.4,41.24,Seller
23-Sep,"Los Angeles, CA metro area",870000,3891,5198,11688,36,101,3.8,-0.64,7.2,67.8,33.29,Seller
23-Oct,"Los Angeles, CA metro area",880000,3926,5336,12060,37,100.7,3.8,-0.27,7.62,63.8,32.55,Seller
23-Nov,"Los Angeles, CA metro area",875000,3517,4212,11488,38,100.5,3.7,-0.38,7.44,61.3,30.61,Seller
23-Dec,"Los Angeles, CA metro area",850000,3551,2646,9618,42,100,3.7,-0.44,6.82,69.7,36.92,Seller
24-Jan,"Los Angeles, CA metro area",840000,3062,4934,10341,50,99.6,3.7,-0.26,6.64,79,29.61,Seller
24-Feb,"Los Angeles, CA metro area",875000,3308,5015,10770,43,100.4,3.9,-0.34,6.78,76.9,30.71,Seller
24-Mar,"Los Angeles, CA metro area",877000,4073,5422,10953,37,100.8,3.8,-0.38,6.82,79.4,37.19,Seller
24-Apr,"Los Angeles, CA metro area",900000,4445,6433,11724,35,101.3,3.9,-0.33,6.99,77.2,37.91,Seller
24-May,"Los Angeles, CA metro area",908000,4754,6644,12081,35,101.3,4,-0.37,7.06,69.1,39.35,Seller
12-Jan,"Philadelphia, PA metro area",134000,973,2105,10284,88,92.4,8.3,1.73,3.92,75,9.46,Buyer
12-Feb,"Philadelphia, PA metro area",135000,990,2421,10550,93,92.1,8.3,1.69,3.89,75.3,9.38,Buyer
12-Mar,"Philadelphia, PA metro area",138000,1326,2937,10617,94,93.3,8.2,1.83,3.95,76.2,12.49,Buyer
12-Apr,"Philadelphia, PA metro area",153000,1353,2659,10742,74,94.2,8.2,1.76,3.91,76.4,12.6,Buyer
12-May,"Philadelphia, PA metro area",167000,1646,2582,10710,64,94.5,8.2,1.52,3.8,79.3,15.37,Equilibrium
12-Jun,"Philadelphia, PA metro area",175000,1669,2344,10487,54,94.8,8.2,1.33,3.68,73.2,15.91,Equilibrium
12-Jul,"Philadelphia, PA metro area",170000,1563,2294,10267,59,94.4,8.2,1.28,3.55,72.3,15.22,Equilibrium
12-Aug,"Philadelphia, PA metro area",165000,1660,2319,10206,68,94.4,8.1,1.41,3.6,74.3,16.26,Equilibrium
12-Sep,"Philadelphia, PA metro area",150000,1304,2315,10362,72,93.8,7.8,1.47,3.5,78.3,12.58,Buyer
12-Oct,"Philadelphia, PA metro area",150000,1262,2185,10092,66,94,7.8,1.47,3.38,82.6,12.5,Buyer
12-Nov,"Philadelphia, PA metro area",150000,1431,1625,9593,69,93.6,7.7,1.39,3.35,82.7,14.92,Buyer
12-Dec,"Philadelphia, PA metro area",152000,1441,1214,8635,69,93.9,7.9,1.46,3.35,72.9,16.69,Equilibrium
13-Jan,"Philadelphia, PA metro area",136000,1196,2295,8682,77,93.5,8,1.65,3.41,73.8,13.78,Buyer
13-Feb,"Philadelphia, PA metro area",140000,1148,2347,8816,88,93.4,7.7,1.72,3.53,77.6,13.02,Buyer
13-Mar,"Philadelphia, PA metro area",155000,1401,2899,9010,80,94.3,7.5,1.7,3.57,78.6,15.55,Equilibrium
13-Apr,"Philadelphia, PA metro area",146000,1645,3202,9509,56,94.8,7.6,1.53,3.45,76.4,17.3,Equilibrium
13-May,"Philadelphia, PA metro area",170000,1989,2883,9752,46,95.2,7.5,1.68,3.54,84.5,20.4,Seller
13-Jun,"Philadelphia, PA metro area",185000,2013,2467,9738,43,95.6,7.5,1.97,4.07,84.1,20.67,Seller
13-Jul,"Philadelphia, PA metro area",175000,1869,2626,9807,46,95.2,7.3,2.24,4.37,85.1,19.06,Equilibrium
13-Aug,"Philadelphia, PA metro area",170000,1852,2272,9650,52,95.1,7.2,2.38,4.46,82.1,19.19,Equilibrium
13-Sep,"Philadelphia, PA metro area",156000,1581,2512,9838,56,94.9,7.2,2.41,4.49,77.5,16.07,Equilibrium
13-Oct,"Philadelphia, PA metro area",150000,1535,2394,9636,57,94.4,7.2,2.28,4.19,73.2,15.93,Equilibrium
13-Nov,"Philadelphia, PA metro area",152000,1369,1778,9214,57,94.3,6.9,2.41,4.26,75.1,14.86,Buyer
13-Dec,"Philadelphia, PA metro area",152000,1513,1257,8266,66,94.3,6.7,2.56,4.46,82.5,18.3,Equilibrium
14-Jan,"Philadelphia, PA metro area",148000,1154,1961,8175,63,93.9,6.6,2.46,4.43,81.2,14.12,Buyer
14-Feb,"Philadelphia, PA metro area",144000,980,1968,8204,76,93.9,6.7,2.38,4.3,81.6,11.95,Buyer
14-Mar,"Philadelphia, PA metro area",150000,1318,3019,8723,82,94.2,6.7,2.32,4.34,80,15.11,Equilibrium
14-Apr,"Philadelphia, PA metro area",150000,1524,3492,9150,64,94.6,6.2,2.29,4.34,84.1,16.66,Equilibrium
14-May,"Philadelphia, PA metro area",165000,1830,3203,9526,41,95.3,6.3,2.17,4.19,81.9,19.21,Equilibrium
14-Jun,"Philadelphia, PA metro area",175000,2068,2872,10072,34,95.6,6.1,2.15,4.16,82.5,20.53,Seller
14-Jul,"Philadelphia, PA metro area",170000,1928,2674,10414,35,95.3,6.2,2.04,4.13,81.8,18.51,Equilibrium
14-Aug,"Philadelphia, PA metro area",172000,1828,2372,10318,44,95.3,6.1,1.95,4.12,82.5,17.72,Equilibrium
14-Sep,"Philadelphia, PA metro area",150000,1638,2727,10528,53,94.7,5.9,1.97,4.16,84.6,15.56,Equilibrium
14-Oct,"Philadelphia, PA metro area",150000,1704,2567,10412,59,94.7,5.7,1.86,4.04,86.9,16.37,Equilibrium
14-Nov,"Philadelphia, PA metro area",152000,1446,1776,9904,55,94.7,5.8,1.8,4,88.8,14.6,Buyer
14-Dec,"Philadelphia, PA metro area",150000,1736,1471,8936,67,94.9,5.6,1.57,3.86,93.6,19.43,Equilibrium
15-Jan,"Philadelphia, PA metro area",145000,1243,2097,8869,72,94.7,5.7,1.33,3.67,98.1,14.02,Buyer
15-Feb,"Philadelphia, PA metro area",135000,1240,2231,8886,81,94.5,5.5,1.36,3.71,95.4,13.95,Buyer
15-Mar,"Philadelphia, PA metro area",153000,1554,3077,9292,83,94.6,5.4,1.4,3.77,93,16.72,Equilibrium
15-Apr,"Philadelphia, PA metro area",160000,1783,3529,9846,67,95.1,5.4,1.4,3.67,95.9,18.11,Equilibrium
15-May,"Philadelphia, PA metro area",169000,1974,3230,10090,45,95.8,5.6,1.59,3.84,90.7,19.56,Equilibrium
15-Jun,"Philadelphia, PA metro area",189000,2498,3001,10119,40,96,5.3,1.68,3.98,96.1,24.69,Seller
15-Jul,"Philadelphia, PA metro area",180000,2296,2714,10032,44,95.9,5.2,1.66,4.05,93.1,22.89,Seller
15-Aug,"Philadelphia, PA metro area",173000,1982,2555,9870,50,95.9,5.1,1.47,3.91,91.9,20.08,Seller
15-Sep,"Philadelphia, PA metro area",159000,1782,2600,9923,56,95.4,5,1.46,3.89,87.2,17.96,Equilibrium
15-Oct,"Philadelphia, PA metro area",164000,1908,2508,9698,60,95.1,5,1.43,3.8,90,19.67,Equilibrium
15-Nov,"Philadelphia, PA metro area",150000,1497,2151,9290,55,95.1,5.1,1.38,3.94,91.3,16.11,Equilibrium
15-Dec,"Philadelphia, PA metro area",160000,1937,1567,8360,58,95.2,5,1.26,3.96,92.6,23.17,Seller
16-Jan,"Philadelphia, PA metro area",153000,1480,2082,8248,69,95,4.8,1.19,3.87,92,17.94,Equilibrium
16-Feb,"Philadelphia, PA metro area",148000,1464,2545,8353,71,94.8,4.9,1.05,3.66,91.7,17.53,Equilibrium
16-Mar,"Philadelphia, PA metro area",161000,1767,3451,8791,69,95.4,5,1.01,3.69,91,20.1,Seller
16-Apr,"Philadelphia, PA metro area",171000,2007,3238,8760,52,96.2,5.1,1.04,3.61,89,22.91,Seller
16-May,"Philadelphia, PA metro area",190000,2272,3092,8713,41,96.3,4.8,0.99,3.6,94.7,26.08,Seller
16-Jun,"Philadelphia, PA metro area",195000,2869,2954,8691,40,97,4.9,0.91,3.57,93.5,33.01,Seller
16-Jul,"Philadelphia, PA metro area",185000,2289,2480,8641,36,96.6,4.8,0.83,3.44,90,26.49,Seller
16-Aug,"Philadelphia, PA metro area",181000,2371,2537,8142,44,96.6,4.9,0.82,3.44,89.8,29.12,Seller
16-Sep,"Philadelphia, PA metro area",172000,2035,2642,8290,48,96.4,5,0.86,3.46,91.2,24.55,Seller
16-Oct,"Philadelphia, PA metro area",169000,1879,2504,8252,48,96.2,4.9,0.92,3.47,87.2,22.77,Seller
16-Nov,"Philadelphia, PA metro area",172000,1893,1971,7778,49,95.8,4.7,1.16,3.77,93.8,24.34,Seller
16-Dec,"Philadelphia, PA metro area",176000,2019,1520,6943,48,96,4.7,1.3,4.2,98.2,29.08,Seller
17-Jan,"Philadelphia, PA metro area",172000,1501,2299,6923,62,95.9,4.7,1.23,4.15,98.5,21.68,Seller
17-Feb,"Philadelphia, PA metro area",161000,1512,2663,7224,60,95.6,4.6,1.22,4.17,96.3,20.93,Seller
17-Mar,"Philadelphia, PA metro area",175000,2074,3377,7491,52,96,4.4,1.17,4.2,96.9,27.69,Seller
17-Apr,"Philadelphia, PA metro area",190000,2089,3256,7809,42,96.6,4.4,1.06,4.05,97,26.75,Seller
17-May,"Philadelphia, PA metro area",200000,2578,3244,7800,35,97.2,4.4,1,4.01,97.1,33.05,Seller
17-Jun,"Philadelphia, PA metro area",213000,3005,3068,7855,34,97.2,4.3,0.84,3.9,95,38.26,Seller
17-Jul,"Philadelphia, PA metro area",205000,2390,2649,7745,35,97.4,4.3,0.95,3.97,93.4,30.86,Seller
17-Aug,"Philadelphia, PA metro area",190000,2462,2719,7591,38,96.9,4.4,0.87,3.88,96.8,32.43,Seller
17-Sep,"Philadelphia, PA metro area",185000,2078,2698,7704,41,96.8,4.3,0.82,3.81,95.1,26.97,Seller
17-Oct,"Philadelphia, PA metro area",187000,2053,2556,7627,43,96.6,4.2,0.81,3.9,100.7,26.92,Seller
17-Nov,"Philadelphia, PA metro area",185000,2078,2006,7162,54,96.2,4.2,0.66,3.92,98.5,29.01,Seller
17-Dec,"Philadelphia, PA metro area",190000,2078,1411,6231,57,96.3,4.1,0.56,3.95,95.9,33.35,Seller
18-Jan,"Philadelphia, PA metro area",184000,1645,2086,5957,63,96.1,4,0.55,4.03,95.7,27.61,Seller
18-Feb,"Philadelphia, PA metro area",175000,1359,2514,6302,67,96.2,4.1,0.68,4.33,99.7,21.56,Seller
18-Mar,"Philadelphia, PA metro area",197000,1934,2942,6024,52,96.6,4,0.57,4.44,101.4,32.1,Seller
18-Apr,"Philadelphia, PA metro area",204000,2206,3355,6129,35,97.4,4,0.48,4.47,98.8,35.99,Seller
18-May,"Philadelphia, PA metro area",210000,2595,3352,6300,31,97.5,3.8,0.47,4.59,98,41.19,Seller
18-Jun,"Philadelphia, PA metro area",215000,2916,3022,6251,29,97.8,4,0.38,4.57,98.2,46.65,Seller
18-Jul,"Philadelphia, PA metro area",208000,2476,2719,6263,29,97.5,3.8,0.28,4.53,97.9,39.53,Seller
18-Aug,"Philadelphia, PA metro area",209000,2477,2698,6238,31,97.5,3.8,0.25,4.55,96.2,39.71,Seller
18-Sep,"Philadelphia, PA metro area",200000,1922,2642,6423,34,97.2,3.7,0.24,4.63,100.1,29.92,Seller
18-Oct,"Philadelphia, PA metro area",196000,2053,2759,6506,32,96.9,3.8,0.29,4.83,98.6,31.56,Seller
18-Nov,"Philadelphia, PA metro area",195000,2038,2013,6162,35,96.5,3.8,0.26,4.87,97.5,33.07,Seller
18-Dec,"Philadelphia, PA metro area",189000,1863,1378,5487,38,96.4,3.9,0.16,4.64,98.3,33.95,Seller
19-Jan,"Philadelphia, PA metro area",185000,1405,2223,5742,48,96.5,4,0.17,4.46,91.2,24.47,Seller
19-Feb,"Philadelphia, PA metro area",185000,1362,2367,5987,53,96,3.8,0.17,4.37,93.8,22.75,Seller
19-Mar,"Philadelphia, PA metro area",200000,1801,3109,6425,50,96.6,3.8,0.16,4.27,98.4,28.03,Seller
19-Apr,"Philadelphia, PA metro area",210000,2141,3386,6738,41,97.3,3.7,0.19,4.14,97.2,31.78,Seller
19-May,"Philadelphia, PA metro area",218000,2578,3426,7086,37,97.3,3.6,0.19,4.07,100,36.38,Seller
19-Jun,"Philadelphia, PA metro area",235000,2525,2927,7116,38,97.7,3.6,0.26,3.8,98.2,35.48,Seller
19-Jul,"Philadelphia, PA metro area",225000,2434,2714,6774,39,97.4,3.7,0.22,3.77,98.4,35.93,Seller
19-Aug,"Philadelphia, PA metro area",222000,2305,2565,6556,39,97,3.6,0.06,3.62,89.8,35.16,Seller
19-Sep,"Philadelphia, PA metro area",200000,2017,2871,6865,38,96.7,3.5,0.05,3.61,93.2,29.38,Seller
19-Oct,"Philadelphia, PA metro area",200000,1988,2778,6944,38,96.9,3.6,0.16,3.69,95.5,28.63,Seller
19-Nov,"Philadelphia, PA metro area",216000,1884,2033,6456,41,96.7,3.6,0.2,3.7,96.8,29.18,Seller
19-Dec,"Philadelphia, PA metro area",210000,2097,1368,5478,43,96.2,3.6,0.25,3.72,99.3,38.28,Seller
20-Jan,"Philadelphia, PA metro area",208000,1681,2257,5457,54,96.4,3.6,0.24,3.62,99.8,30.8,Seller
20-Feb,"Philadelphia, PA metro area",215000,1578,2575,5734,58,96.3,3.5,0.17,3.47,101,27.52,Seller
20-Mar,"Philadelphia, PA metro area",235000,1808,2498,5719,45,97,4.4,0.42,3.45,89.1,31.61,Seller
20-Apr,"Philadelphia, PA metro area",246000,1491,1009,5307,39,97.8,14.8,0.43,3.31,71.8,28.09,Seller
20-May,"Philadelphia, PA metro area",234000,1112,2225,5806,42,96.8,13.2,0.5,3.23,72.3,19.15,Equilibrium
20-Jun,"Philadelphia, PA metro area",250000,1556,3121,6068,46,97.3,11,0.54,3.16,78.1,25.64,Seller
20-Jul,"Philadelphia, PA metro area",246000,2522,3279,6076,40,98,10.2,0.48,3.02,72.5,41.51,Seller
20-Aug,"Philadelphia, PA metro area",245000,2542,3140,6111,35,98.4,8.4,0.51,2.94,74.1,41.6,Seller
20-Sep,"Philadelphia, PA metro area",243000,2506,3173,6287,33,98.1,7.8,0.54,2.89,80.4,39.86,Seller
20-Oct,"Philadelphia, PA metro area",237000,2555,3177,6306,34,98.3,6.8,0.64,2.83,81.8,40.52,Seller
20-Nov,"Philadelphia, PA metro area",245000,2291,2336,5943,33,98.5,6.7,0.7,2.77,76.9,38.55,Seller
20-Dec,"Philadelphia, PA metro area",240000,2395,1681,5017,35,98.1,6.7,0.8,2.68,80.7,47.74,Seller
21-Jan,"Philadelphia, PA metro area",235000,1876,2231,4871,40,97.8,6.4,0.95,2.74,79,38.51,Seller
21-Feb,"Philadelphia, PA metro area",237000,1733,2124,4665,42,97.7,6.2,1.14,2.81,76.8,37.15,Seller
21-Mar,"Philadelphia, PA metro area",258000,2265,3311,4881,39,98.5,6.1,1.46,3.08,84.9,46.4,Seller
21-Apr,"Philadelphia, PA metro area",265000,2508,3618,5229,32,99.1,6.1,1.47,3.06,88.3,47.96,Seller
21-May,"Philadelphia, PA metro area",268000,2531,3358,5376,27,99.8,5.8,1.47,2.96,82.9,47.08,Seller
21-Jun,"Philadelphia, PA metro area",280000,3132,3434,5604,25,100,5.9,1.32,2.98,85.5,55.89,Seller
21-Jul,"Philadelphia, PA metro area",275000,2741,3245,6093,26,100.2,5.4,1.1,2.87,81.2,44.99,Seller
21-Aug,"Philadelphia, PA metro area",270000,2560,2995,6088,28,99.7,5.1,1.07,2.84,70.3,42.05,Seller
21-Sep,"Philadelphia, PA metro area",260000,2415,3071,6414,33,99.1,4.7,1.13,2.9,72.8,37.65,Seller
21-Oct,"Philadelphia, PA metro area",260000,2294,2929,6334,37,98.6,4.5,1.19,3.07,71.7,36.22,Seller
21-Nov,"Philadelphia, PA metro area",265000,2386,2359,5811,37,98.7,4.1,1.05,3.07,67.4,41.06,Seller
21-Dec,"Philadelphia, PA metro area",256000,2509,1668,4892,40,98.6,3.9,0.79,3.1,70.6,51.29,Seller
22-Jan,"Philadelphia, PA metro area",250000,2055,2085,4568,46,98.2,4,0.78,3.45,67.2,44.99,Seller
22-Feb,"Philadelphia, PA metro area",250000,1806,2540,4637,49,98.2,3.8,0.5,3.76,62.8,38.95,Seller
22-Mar,"Philadelphia, PA metro area",265000,2462,3355,4943,35,99,3.6,0.22,4.17,59.4,49.81,Seller
22-Apr,"Philadelphia, PA metro area",275000,2363,3381,5430,29,99.7,3.7,0.21,4.98,65.2,43.52,Seller
22-May,"Philadelphia, PA metro area",288000,2536,3174,5685,26,100.3,3.6,0.28,5.23,58.4,44.61,Seller
22-Jun,"Philadelphia, PA metro area",297000,2757,3415,6257,27,100.2,3.6,0.15,5.52,50,44.06,Seller
22-Jul,"Philadelphia, PA metro area",280000,2201,2756,6489,30,99.7,3.5,-0.14,5.41,51.5,33.92,Seller
22-Aug,"Philadelphia, PA metro area",275000,2215,2551,6417,32,98.8,3.6,-0.35,5.22,58.2,34.52,Seller
22-Sep,"Philadelphia, PA metro area",259000,1958,2610,6580,40,97.9,3.5,-0.34,6.11,58.6,29.76,Seller
22-Oct,"Philadelphia, PA metro area",256000,1745,2364,6563,38,97.7,3.6,-0.39,6.9,59.9,26.59,Seller
22-Nov,"Philadelphia, PA metro area",260000,1597,1808,6170,39,97.5,3.6,-0.61,6.81,56.7,25.88,Seller
22-Dec,"Philadelphia, PA metro area",258000,1517,1335,5434,46,97.1,3.5,-0.67,6.36,59.8,27.92,Seller
23-Jan,"Philadelphia, PA metro area",240000,1264,1876,5358,53,96.2,3.4,-0.68,6.27,64.9,23.59,Seller
23-Feb,"Philadelphia, PA metro area",235000,1285,1906,5335,59,96.5,3.6,-0.79,6.26,66.9,24.09,Seller
23-Mar,"Philadelphia, PA metro area",260000,1772,2652,5478,46,97.4,3.5,-0.64,6.54,62,32.35,Seller
23-Apr,"Philadelphia, PA metro area",263000,1723,2547,5679,41,98,3.4,-0.56,6.34,63.7,30.34,Seller
23-May,"Philadelphia, PA metro area",275000,2123,2530,5634,36,98.7,3.7,-0.56,6.43,59,37.68,Seller
23-Jun,"Philadelphia, PA metro area",285000,2149,2418,5524,35,99.1,3.6,-0.89,6.71,64.2,38.9,Seller
23-Jul,"Philadelphia, PA metro area",282000,1758,2262,5511,36,98.8,3.5,-0.93,6.84,71.5,31.9,Seller
23-Aug,"Philadelphia, PA metro area",275000,1863,2283,5501,39,98.7,3.8,-0.73,7.07,69.4,33.87,Seller
23-Sep,"Philadelphia, PA metro area",270000,1638,2458,5917,36,98,3.8,-0.64,7.2,67.8,27.68,Seller
23-Oct,"Philadelphia, PA metro area",265000,1593,2279,5988,37,98.3,3.8,-0.27,7.62,63.8,26.6,Seller
23-Nov,"Philadelphia, PA metro area",235000,1693,1875,5791,41,96.9,3.7,-0.38,7.44,61.3,29.24,Seller
23-Dec,"Philadelphia, PA metro area",250000,1571,1308,5092,45,97.4,3.7,-0.44,6.82,69.7,30.85,Seller
24-Jan,"Philadelphia, PA metro area",260000,1238,1768,4998,52,97.4,3.7,-0.26,6.64,79,24.77,Seller
24-Feb,"Philadelphia, PA metro area",252000,1274,2170,5165,54,97.1,3.9,-0.34,6.78,76.9,24.67,Seller
24-Mar,"Philadelphia, PA metro area",270000,1644,2432,5268,43,98.1,3.8,-0.38,6.82,79.4,31.21,Seller
24-Apr,"Philadelphia, PA metro area",275000,1822,2732,5529,37,98.6,3.9,-0.33,6.99,77.2,32.95,Seller
24-May,"Philadelphia, PA metro area",285000,2025,2665,5496,36,99.1,4,-0.37,7.06,69.1,36.84,Seller
12-Jan,"Seattle, WA metro area",254000,1909,2829,10142,68,97.4,8.3,1.73,3.92,75,18.82,Equilibrium
12-Feb,"Seattle, WA metro area",260000,2285,3485,9751,75,97.7,8.3,1.69,3.89,75.3,23.43,Seller
12-Mar,"Seattle, WA metro area",273000,2960,4141,9343,69,98,8.2,1.83,3.95,76.2,31.68,Seller
12-Apr,"Seattle, WA metro area",290000,3150,4290,9250,47,98.4,8.2,1.76,3.91,76.4,34.05,Seller
12-May,"Seattle, WA metro area",299000,3567,4487,9220,35,99,8.2,1.52,3.8,79.3,38.69,Seller
12-Jun,"Seattle, WA metro area",310000,3731,4211,9137,31,99,8.2,1.33,3.68,73.2,40.83,Seller
12-Jul,"Seattle, WA metro area",310000,3599,3919,8971,28,99.2,8.2,1.28,3.55,72.3,40.12,Seller
12-Aug,"Seattle, WA metro area",312000,3776,3975,8949,30,99,8.1,1.41,3.6,74.3,42.19,Seller
12-Sep,"Seattle, WA metro area",313000,3096,3680,8755,28,99.1,7.8,1.47,3.5,78.3,35.36,Seller
12-Oct,"Seattle, WA metro area",310000,3362,3242,7760,32,99.3,7.8,1.47,3.38,82.6,43.32,Seller
12-Nov,"Seattle, WA metro area",320000,3130,2489,6871,31,99,7.7,1.39,3.35,82.7,45.55,Seller
12-Dec,"Seattle, WA metro area",310000,3098,1790,6103,37,99,7.9,1.46,3.35,72.9,50.76,Seller
13-Jan,"Seattle, WA metro area",290000,2285,3262,5929,40,99.2,8,1.65,3.41,73.8,38.54,Seller
13-Feb,"Seattle, WA metro area",309000,2443,3708,6021,39,99.5,7.7,1.72,3.53,77.6,40.57,Seller
13-Mar,"Seattle, WA metro area",323000,3363,4432,5923,23,100,7.5,1.7,3.57,78.6,56.78,Seller
13-Apr,"Seattle, WA metro area",329000,3800,4883,6338,15,100.5,7.6,1.53,3.45,76.4,59.96,Seller
13-May,"Seattle, WA metro area",349000,4320,5643,7288,11,100.9,7.5,1.68,3.54,84.5,59.28,Seller
13-Jun,"Seattle, WA metro area",350000,4149,5320,8002,12,100.9,7.5,1.97,4.07,84.1,51.85,Seller
13-Jul,"Seattle, WA metro area",363000,4505,5238,8728,12,100.8,7.3,2.24,4.37,85.1,51.62,Seller
13-Aug,"Seattle, WA metro area",355000,4354,4880,9229,14,100.3,7.2,2.38,4.46,82.1,47.18,Seller
13-Sep,"Seattle, WA metro area",355000,3681,4246,9256,17,100.1,7.2,2.41,4.49,77.5,39.77,Seller
13-Oct,"Seattle, WA metro area",350000,3808,3784,8670,21,99.7,7.2,2.28,4.19,73.2,43.92,Seller
13-Nov,"Seattle, WA metro area",344000,3000,2562,7632,26,99.4,6.9,2.41,4.26,75.1,39.31,Seller
13-Dec,"Seattle, WA metro area",350000,3133,1793,6695,34,99.2,6.7,2.56,4.46,82.5,46.8,Seller
14-Jan,"Seattle, WA metro area",330000,2192,3191,6519,44,99,6.6,2.46,4.43,81.2,33.62,Seller
14-Feb,"Seattle, WA metro area",349000,2467,3437,6526,39,99.6,6.7,2.38,4.3,81.6,37.8,Seller
14-Mar,"Seattle, WA metro area",343000,3259,4381,6519,22,99.9,6.7,2.32,4.34,80,49.99,Seller
14-Apr,"Seattle, WA metro area",355000,3744,5022,6775,15,100.4,6.2,2.29,4.34,84.1,55.26,Seller
14-May,"Seattle, WA metro area",365000,3999,5965,7347,13,100.4,6.3,2.17,4.19,81.9,54.43,Seller
14-Jun,"Seattle, WA metro area",385000,4388,5325,8132,12,100.4,6.1,2.15,4.16,82.5,53.96,Seller
14-Jul,"Seattle, WA metro area",379000,4401,5307,9307,13,100,6.2,2.04,4.13,81.8,47.29,Seller
14-Aug,"Seattle, WA metro area",371000,4101,4560,9328,17,99.7,6.1,1.95,4.12,82.5,43.96,Seller
14-Sep,"Seattle, WA metro area",380000,3794,4246,9120,21,99.4,5.9,1.97,4.16,84.6,41.6,Seller
14-Oct,"Seattle, WA metro area",369000,4007,3824,8398,27,99.3,5.7,1.86,4.04,86.9,47.71,Seller
14-Nov,"Seattle, WA metro area",375000,3102,2406,7161,31,99,5.8,1.8,4,88.8,43.32,Seller
14-Dec,"Seattle, WA metro area",367000,3427,1797,6009,37,99.2,5.6,1.57,3.86,93.6,57.03,Seller
15-Jan,"Seattle, WA metro area",361000,2287,3228,5755,42,99.1,5.7,1.33,3.67,98.1,39.74,Seller
15-Feb,"Seattle, WA metro area",358000,2619,3927,5796,39,99.7,5.5,1.36,3.71,95.4,45.19,Seller
15-Mar,"Seattle, WA metro area",385000,3848,5130,5835,16,100.5,5.4,1.4,3.77,93,65.95,Seller
15-Apr,"Seattle, WA metro area",400000,4396,5726,6201,10,101,5.4,1.4,3.67,95.9,70.89,Seller
15-May,"Seattle, WA metro area",398000,4616,5838,6677,9,101.3,5.6,1.59,3.84,90.7,69.13,Seller
15-Jun,"Seattle, WA metro area",415000,5190,5679,6927,10,101.4,5.3,1.68,3.98,96.1,74.92,Seller
15-Jul,"Seattle, WA metro area",410000,5211,5334,7110,11,101.2,5.2,1.66,4.05,93.1,73.29,Seller
15-Aug,"Seattle, WA metro area",413000,4705,4813,7128,14,100.8,5.1,1.47,3.91,91.9,66.01,Seller
15-Sep,"Seattle, WA metro area",400000,4380,4362,6831,13,100.5,5,1.46,3.89,87.2,64.12,Seller
15-Oct,"Seattle, WA metro area",405000,4080,3871,6163,15,100.4,5,1.43,3.8,90,66.2,Seller
15-Nov,"Seattle, WA metro area",405000,3163,2425,4837,17,100.3,5.1,1.38,3.94,91.3,65.39,Seller
15-Dec,"Seattle, WA metro area",400000,3852,1865,3899,23,100,5,1.26,3.96,92.6,98.79,Seller
16-Jan,"Seattle, WA metro area",409000,2358,3242,3936,23,100.2,4.8,1.19,3.87,92,59.91,Seller
16-Feb,"Seattle, WA metro area",405000,2782,3902,3962,13,101.2,4.9,1.05,3.66,91.7,70.22,Seller
16-Mar,"Seattle, WA metro area",423000,3994,5327,4284,8,102.2,5,1.01,3.69,91,93.23,Seller
16-Apr,"Seattle, WA metro area",430000,4213,5946,4995,8,102.7,5.1,1.04,3.61,89,84.34,Seller
16-May,"Seattle, WA metro area",440000,4839,6055,5181,7,103.1,4.8,0.99,3.6,94.7,93.4,Seller
16-Jun,"Seattle, WA metro area",463000,5596,6417,5993,8,102.6,4.9,0.91,3.57,93.5,93.38,Seller
16-Jul,"Seattle, WA metro area",450000,5188,5923,6574,8,102,4.8,0.83,3.44,90,78.92,Seller
16-Aug,"Seattle, WA metro area",450000,5353,5445,6547,10,101.4,4.9,0.82,3.44,89.8,81.76,Seller
16-Sep,"Seattle, WA metro area",450000,4862,5268,6810,11,100.9,5,0.86,3.46,91.2,71.4,Seller
16-Oct,"Seattle, WA metro area",442000,4515,3608,5633,13,100.9,4.9,0.92,3.47,87.2,80.15,Seller
16-Nov,"Seattle, WA metro area",455000,4156,2711,4447,15,100.5,4.7,1.16,3.77,93.8,93.46,Seller
16-Dec,"Seattle, WA metro area",460000,3885,1842,3266,19,100.6,4.7,1.3,4.2,98.2,118.95,Seller
17-Jan,"Seattle, WA metro area",445000,2908,3090,3010,25,100.6,4.7,1.23,4.15,98.5,96.61,Seller
17-Feb,"Seattle, WA metro area",460000,2865,3384,2822,12,102.1,4.6,1.22,4.17,96.3,101.52,Seller
17-Mar,"Seattle, WA metro area",485000,4066,5136,3257,8,103.3,4.4,1.17,4.2,96.9,124.84,Seller
17-Apr,"Seattle, WA metro area",500000,3852,5031,3526,7,104.3,4.4,1.06,4.05,97,109.25,Seller
17-May,"Seattle, WA metro area",510000,5086,6351,4127,7,104.7,4.4,1,4.01,97.1,123.24,Seller
17-Jun,"Seattle, WA metro area",525000,5576,6547,4910,7,104.4,4.3,0.84,3.9,95,113.56,Seller
17-Jul,"Seattle, WA metro area",530000,4976,5714,5412,8,103.4,4.3,0.95,3.97,93.4,91.94,Seller
17-Aug,"Seattle, WA metro area",520000,5431,5464,5371,8,102.5,4.4,0.87,3.88,96.8,101.12,Seller
17-Sep,"Seattle, WA metro area",510000,4764,5023,5635,10,101.8,4.3,0.82,3.81,95.1,84.54,Seller
17-Oct,"Seattle, WA metro area",512000,4642,4077,4697,10,101.6,4.2,0.81,3.9,100.7,98.83,Seller
17-Nov,"Seattle, WA metro area",525000,4151,2850,3486,12,101.2,4.2,0.66,3.92,98.5,119.08,Seller
17-Dec,"Seattle, WA metro area",530000,3900,1666,2394,15,101,4.1,0.56,3.95,95.9,162.91,Seller
18-Jan,"Seattle, WA metro area",513000,2530,3162,2371,16,101.3,4,0.55,4.03,95.7,106.71,Seller
18-Feb,"Seattle, WA metro area",530000,2893,3532,2483,8,103.5,4.1,0.68,4.33,99.7,116.51,Seller
18-Mar,"Seattle, WA metro area",560000,3824,5257,3050,7,103.9,4,0.57,4.44,101.4,125.38,Seller
18-Apr,"Seattle, WA metro area",580000,4232,5449,3826,7,104.5,4,0.48,4.47,98.8,110.61,Seller
18-May,"Seattle, WA metro area",585000,4865,6996,5226,7,104.1,3.8,0.47,4.59,98,93.09,Seller
18-Jun,"Seattle, WA metro area",583000,5099,6401,6459,7,102.7,4,0.38,4.57,98.2,78.94,Seller
18-Jul,"Seattle, WA metro area",575000,4789,5585,7285,9,101.3,3.8,0.28,4.53,97.9,65.74,Seller
18-Aug,"Seattle, WA metro area",550000,4526,5317,8149,12,100.3,3.8,0.25,4.55,96.2,55.54,Seller
18-Sep,"Seattle, WA metro area",545000,3522,5094,9001,17,99.6,3.7,0.24,4.63,100.1,39.13,Seller
18-Oct,"Seattle, WA metro area",550000,3829,3976,8355,21,99.2,3.8,0.29,4.83,98.6,45.83,Seller
18-Nov,"Seattle, WA metro area",550000,3385,2664,7055,28,98.8,3.8,0.26,4.87,97.5,47.98,Seller
18-Dec,"Seattle, WA metro area",539000,3128,1328,5371,40,98.6,3.9,0.16,4.64,98.3,58.24,Seller
19-Jan,"Seattle, WA metro area",520000,2326,3224,5134,48,98.4,4,0.17,4.46,91.2,45.31,Seller
19-Feb,"Seattle, WA metro area",545000,2846,3051,5130,39,99.1,3.8,0.17,4.37,93.8,55.48,Seller
19-Mar,"Seattle, WA metro area",560000,3321,5342,5703,19,99.8,3.8,0.16,4.27,98.4,58.23,Seller
19-Apr,"Seattle, WA metro area",570000,4180,5674,6182,10,100.4,3.7,0.19,4.14,97.2,67.62,Seller
19-May,"Seattle, WA metro area",590000,4893,7033,7732,9,100.4,3.6,0.19,4.07,100,63.28,Seller
19-Jun,"Seattle, WA metro area",580000,4797,5542,7950,11,100.3,3.6,0.26,3.8,98.2,60.34,Seller
19-Jul,"Seattle, WA metro area",560000,4800,4881,7709,14,99.9,3.7,0.22,3.77,98.4,62.26,Seller
19-Aug,"Seattle, WA metro area",560000,4600,4440,7428,18,99.6,3.6,0.06,3.62,89.8,61.93,Seller
19-Sep,"Seattle, WA metro area",540000,3836,4477,7368,21,99.5,3.5,0.05,3.61,93.2,52.06,Seller
19-Oct,"Seattle, WA metro area",560000,4101,3777,6450,19,99.5,3.6,0.16,3.69,95.5,63.58,Seller
19-Nov,"Seattle, WA metro area",555000,3584,2351,4792,24,99.4,3.6,0.2,3.7,96.8,74.79,Seller
19-Dec,"Seattle, WA metro area",570000,3732,1598,3421,32,99.3,3.6,0.25,3.72,99.3,109.09,Seller
20-Jan,"Seattle, WA metro area",550000,2495,3201,3216,38,99.4,3.6,0.24,3.62,99.8,77.58,Seller
20-Feb,"Seattle, WA metro area",575000,2989,4009,3357,16,100.6,3.5,0.17,3.47,101,89.04,Seller
20-Mar,"Seattle, WA metro area",594000,3798,5171,4396,7,101.8,4.4,0.42,3.45,89.1,86.4,Seller
20-Apr,"Seattle, WA metro area",600000,3039,3717,4811,6,101.4,14.8,0.43,3.31,71.8,63.17,Seller
20-May,"Seattle, WA metro area",585000,3040,4748,4880,10,100.4,13.2,0.5,3.23,72.3,62.3,Seller
20-Jun,"Seattle, WA metro area",615000,4417,5287,4762,9,100.8,11,0.54,3.16,78.1,92.76,Seller
20-Jul,"Seattle, WA metro area",622000,5045,6069,5105,8,101.2,10.2,0.48,3.02,72.5,98.82,Seller
20-Aug,"Seattle, WA metro area",630000,5018,5994,5129,7,101.4,8.4,0.51,2.94,74.1,97.84,Seller
20-Sep,"Seattle, WA metro area",640000,5340,5703,4919,7,101.6,7.8,0.54,2.89,80.4,108.56,Seller
20-Oct,"Seattle, WA metro area",635000,5607,5213,4664,7,101.7,6.8,0.64,2.83,81.8,120.22,Seller
20-Nov,"Seattle, WA metro area",630000,4495,3020,3397,7,101.7,6.7,0.7,2.77,76.9,132.32,Seller
20-Dec,"Seattle, WA metro area",622000,4468,2515,2434,9,101.6,6.7,0.8,2.68,80.7,183.57,Seller
21-Jan,"Seattle, WA metro area",625000,2910,3414,2296,10,101.8,6.4,0.95,2.74,79,126.74,Seller
21-Feb,"Seattle, WA metro area",656000,3162,3814,2240,6,104.2,6.2,1.14,2.81,76.8,141.16,Seller
21-Mar,"Seattle, WA metro area",700000,4483,5547,2220,6,106.4,6.1,1.46,3.08,84.9,201.94,Seller
21-Apr,"Seattle, WA metro area",720000,5022,6250,2951,5,107.5,6.1,1.47,3.06,88.3,170.18,Seller
21-May,"Seattle, WA metro area",740000,5227,5839,2697,5,107.6,5.8,1.47,2.96,82.9,193.81,Seller
21-Jun,"Seattle, WA metro area",744000,6089,6519,3109,6,107.1,5.9,1.32,2.98,85.5,195.85,Seller
21-Jul,"Seattle, WA metro area",750000,5701,6047,3780,6,105.8,5.4,1.1,2.87,81.2,150.82,Seller
21-Aug,"Seattle, WA metro area",730000,5437,5319,3332,6,104.5,5.1,1.07,2.84,70.3,163.18,Seller
21-Sep,"Seattle, WA metro area",715000,5341,5409,3384,7,103.7,4.7,1.13,2.9,72.8,157.83,Seller
21-Oct,"Seattle, WA metro area",727000,4962,4212,2606,7,103.8,4.5,1.19,3.07,71.7,190.41,Seller
21-Nov,"Seattle, WA metro area",720000,4554,2895,1580,6,104.1,4.1,1.05,3.07,67.4,288.23,Seller
21-Dec,"Seattle, WA metro area",733000,3845,2005,1052,7,104.3,3.9,0.79,3.1,70.6,365.49,Seller
22-Jan,"Seattle, WA metro area",720000,2279,2835,1114,6,105,4,0.78,3.45,67.2,204.58,Seller
22-Feb,"Seattle, WA metro area",751000,2715,3959,1440,5,108.6,3.8,0.5,3.76,62.8,188.54,Seller
22-Mar,"Seattle, WA metro area",825000,4444,5716,2144,5,110.7,3.6,0.22,4.17,59.4,207.28,Seller
22-Apr,"Seattle, WA metro area",851000,4549,5717,3139,5,109.8,3.7,0.21,4.98,65.2,144.92,Seller
22-May,"Seattle, WA metro area",853000,4842,6038,4064,5,107,3.6,0.28,5.23,58.4,119.14,Seller
22-Jun,"Seattle, WA metro area",825000,4588,6264,6010,6,102.9,3.6,0.15,5.52,50,76.34,Seller
22-Jul,"Seattle, WA metro area",798000,3573,4998,6663,9,100.2,3.5,-0.14,5.41,51.5,53.62,Seller
22-Aug,"Seattle, WA metro area",780000,3795,3993,6092,15,98.9,3.6,-0.35,5.22,58.2,62.29,Seller
22-Sep,"Seattle, WA metro area",765000,3625,4030,6286,21,98.7,3.5,-0.34,6.11,58.6,57.67,Seller
22-Oct,"Seattle, WA metro area",768000,2977,2842,5703,21,98.5,3.6,-0.39,6.9,59.9,52.2,Seller
22-Nov,"Seattle, WA metro area",738000,2500,1895,4672,25,98,3.6,-0.61,6.81,56.7,53.51,Seller
22-Dec,"Seattle, WA metro area",710000,2154,1058,3477,32,97.8,3.5,-0.67,6.36,59.8,61.95,Seller
23-Jan,"Seattle, WA metro area",720000,1550,2051,2963,43,98,3.4,-0.68,6.27,64.9,52.31,Seller
23-Feb,"Seattle, WA metro area",710000,2196,2334,2609,33,99.2,3.6,-0.79,6.26,66.9,84.17,Seller
23-Mar,"Seattle, WA metro area",740000,2874,3636,3117,13,100.1,3.5,-0.64,6.54,62,92.2,Seller
23-Apr,"Seattle, WA metro area",775000,2715,3275,3170,7,101,3.4,-0.56,6.34,63.7,85.65,Seller
23-May,"Seattle, WA metro area",800000,3209,3867,3356,6,101.4,3.7,-0.56,6.43,59,95.62,Seller
23-Jun,"Seattle, WA metro area",800000,3375,3983,3746,7,101.2,3.6,-0.89,6.71,64.2,90.1,Seller
23-Jul,"Seattle, WA metro area",780000,2982,3469,3886,8,100.8,3.5,-0.93,6.84,71.5,76.74,Seller
23-Aug,"Seattle, WA metro area",788000,3151,3358,4023,8,100.5,3.8,-0.73,7.07,69.4,78.32,Seller
23-Sep,"Seattle, WA metro area",770000,2728,3409,4440,12,100,3.8,-0.64,7.2,67.8,61.44,Seller
23-Oct,"Seattle, WA metro area",770000,2601,2574,4158,12,100,3.8,-0.27,7.62,63.8,62.55,Seller
23-Nov,"Seattle, WA metro area",775000,2200,1797,3491,17,99.5,3.7,-0.38,7.44,61.3,63.02,Seller
23-Dec,"Seattle, WA metro area",750000,1937,1034,2418,28,99,3.7,-0.44,6.82,69.7,80.11,Seller
24-Jan,"Seattle, WA metro area",745000,1681,2263,2243,36,99.4,3.7,-0.26,6.64,79,74.94,Seller
24-Feb,"Seattle, WA metro area",798000,2236,3165,2607,11,101.2,3.9,-0.34,6.78,76.9,85.77,Seller
24-Mar,"Seattle, WA metro area",830000,2760,3722,2823,6,102,3.8,-0.38,6.82,79.4,97.77,Seller
24-Apr,"Seattle, WA metro area",850000,3181,4229,3304,6,102.6,3.9,-0.33,6.99,77.2,96.28,Seller
24-May,"Seattle, WA metro area",860000,3526,5072,4439,6,102.3,4,-0.37,7.06,69.1,79.43,Seller
12-Jan,"Washington, DC metro area",278000,3264,5214,14653,68,97.5,8.3,1.73,3.92,75,22.28,Seller
12-Feb,"Washington, DC metro area",276000,3675,5995,14718,64,97.7,8.3,1.69,3.89,75.3,24.97,Seller
12-Mar,"Washington, DC metro area",306000,4525,8248,15593,50,98,8.2,1.83,3.95,76.2,29.02,Seller
12-Apr,"Washington, DC metro area",323000,4986,7607,15927,32,98.3,8.2,1.76,3.91,76.4,31.31,Seller
12-May,"Washington, DC metro area",337000,5861,7311,15918,26,98.7,8.2,1.52,3.8,79.3,36.82,Seller
12-Jun,"Washington, DC metro area",350000,6232,6691,15866,27,98.6,8.2,1.33,3.68,73.2,39.28,Seller
12-Jul,"Washington, DC metro area",340000,5570,5846,15243,32,98.5,8.2,1.28,3.55,72.3,36.54,Seller
12-Aug,"Washington, DC metro area",335000,5610,5913,14645,35,98.3,8.1,1.41,3.6,74.3,38.31,Seller
12-Sep,"Washington, DC metro area",320000,4543,6002,14836,38,98.4,7.8,1.47,3.5,78.3,30.62,Seller
12-Oct,"Washington, DC metro area",320000,4526,5399,13833,34,98.3,7.8,1.47,3.38,82.6,32.72,Seller
12-Nov,"Washington, DC metro area",330000,4897,4217,12664,33,98.5,7.7,1.39,3.35,82.7,38.67,Seller
12-Dec,"Washington, DC metro area",325000,4557,3245,11362,42,98.4,7.9,1.46,3.35,72.9,40.11,Seller
13-Jan,"Washington, DC metro area",300000,3648,5036,10730,48,98.2,8,1.65,3.41,73.8,34,Seller
13-Feb,"Washington, DC metro area",315000,3780,5827,10939,43,98.6,7.7,1.72,3.53,77.6,34.56,Seller
13-Mar,"Washington, DC metro area",336000,4954,7338,11334,28,98.9,7.5,1.7,3.57,78.6,43.71,Seller
13-Apr,"Washington, DC metro area",352000,5506,8874,12345,18,99.2,7.6,1.53,3.45,76.4,44.6,Seller
13-May,"Washington, DC metro area",370000,6704,9031,13594,14,99.4,7.5,1.68,3.54,84.5,49.32,Seller
13-Jun,"Washington, DC metro area",388000,6940,7583,14012,15,99.6,7.5,1.97,4.07,84.1,49.53,Seller
13-Jul,"Washington, DC metro area",370000,6543,7211,14216,20,99.3,7.3,2.24,4.37,85.1,46.03,Seller
13-Aug,"Washington, DC metro area",365000,6303,6825,14520,22,99.2,7.2,2.38,4.46,82.1,43.41,Seller
13-Sep,"Washington, DC metro area",345000,5053,6822,15149,25,99.2,7.2,2.41,4.49,77.5,33.36,Seller
13-Oct,"Washington, DC metro area",341000,5108,6228,14904,27,99.1,7.2,2.28,4.19,73.2,34.27,Seller
13-Nov,"Washington, DC metro area",345000,4214,4591,13705,31,99,6.9,2.41,4.26,75.1,30.75,Seller
13-Dec,"Washington, DC metro area",353000,5015,3265,12326,38,98.7,6.7,2.56,4.46,82.5,40.69,Seller
14-Jan,"Washington, DC metro area",330000,3319,5100,11937,47,98.4,6.6,2.46,4.43,81.2,27.8,Seller
14-Feb,"Washington, DC metro area",337000,3579,5739,12307,46,98.7,6.7,2.38,4.3,81.6,29.08,Seller
14-Mar,"Washington, DC metro area",345000,4417,7780,13243,31,98.9,6.7,2.32,4.34,80,33.35,Seller
14-Apr,"Washington, DC metro area",365000,5249,9437,14741,23,99.1,6.2,2.29,4.34,84.1,35.61,Seller
14-May,"Washington, DC metro area",375000,6043,9767,15922,19,99.1,6.3,2.17,4.19,81.9,37.95,Seller
14-Jun,"Washington, DC metro area",388000,6598,8265,17412,19,99,6.1,2.15,4.16,82.5,37.89,Seller
14-Jul,"Washington, DC metro area",375000,6211,7717,18780,23,99,6.2,2.04,4.13,81.8,33.07,Seller
14-Aug,"Washington, DC metro area",367000,5717,6698,18760,30,98.7,6.1,1.95,4.12,82.5,30.47,Seller
14-Sep,"Washington, DC metro area",350000,4979,6973,18967,37,98.6,5.9,1.97,4.16,84.6,26.25,Seller
14-Oct,"Washington, DC metro area",355000,5118,6407,18172,40,98.5,5.7,1.86,4.04,86.9,28.16,Seller
14-Nov,"Washington, DC metro area",355000,4114,4281,15987,42,98.4,5.8,1.8,4,88.8,25.73,Seller
14-Dec,"Washington, DC metro area",370000,5257,3518,14082,52,98.4,5.6,1.57,3.86,93.6,37.33,Seller
15-Jan,"Washington, DC metro area",340000,3552,5317,13624,61,97.9,5.7,1.33,3.67,98.1,26.07,Seller
15-Feb,"Washington, DC metro area",353000,3706,6212,13963,61,98.3,5.5,1.36,3.71,95.4,26.54,Seller
15-Mar,"Washington, DC metro area",357000,5083,8977,15478,43,98.7,5.4,1.4,3.77,93,32.84,Seller
15-Apr,"Washington, DC metro area",369000,5793,10884,18131,27,99,5.4,1.4,3.67,95.9,31.95,Seller
15-May,"Washington, DC metro area",385000,6356,9976,19568,20,99,5.6,1.59,3.84,90.7,32.48,Seller
15-Jun,"Washington, DC metro area",390000,7611,8535,19926,24,99,5.3,1.68,3.98,96.1,38.2,Seller
15-Jul,"Washington, DC metro area",375000,7099,8116,20051,29,98.8,5.2,1.66,4.05,93.1,35.4,Seller
15-Aug,"Washington, DC metro area",367000,6147,6977,19576,37,98.7,5.1,1.47,3.91,91.9,31.4,Seller
15-Sep,"Washington, DC metro area",350000,5650,7243,19605,40,98.6,5,1.46,3.89,87.2,28.82,Seller
15-Oct,"Washington, DC metro area",354000,5231,6715,18720,42,98.5,5,1.43,3.8,90,27.94,Seller
15-Nov,"Washington, DC metro area",360000,4444,4541,16441,44,98.5,5.1,1.38,3.94,91.3,27.03,Seller
15-Dec,"Washington, DC metro area",350000,5720,3691,14185,51,98.5,5,1.26,3.96,92.6,40.32,Seller
16-Jan,"Washington, DC metro area",345000,3782,4754,13436,61,98.2,4.8,1.19,3.87,92,28.15,Seller
16-Feb,"Washington, DC metro area",342000,4054,6446,13547,64,98.4,4.9,1.05,3.66,91.7,29.93,Seller
16-Mar,"Washington, DC metro area",360000,5309,10384,15558,47,98.7,5,1.01,3.69,91,34.12,Seller
16-Apr,"Washington, DC metro area",372000,6336,10849,17290,24,99,5.1,1.04,3.61,89,36.65,Seller
16-May,"Washington, DC metro area",385000,7259,9134,17513,20,99.2,4.8,0.99,3.6,94.7,41.45,Seller
16-Jun,"Washington, DC metro area",391000,8156,8614,17507,22,99.2,4.9,0.91,3.57,93.5,46.59,Seller
16-Jul,"Washington, DC metro area",380000,6940,7565,17208,27,99.1,4.8,0.83,3.44,90,40.33,Seller
16-Aug,"Washington, DC metro area",373000,7112,6777,16444,32,98.9,4.9,0.82,3.44,89.8,43.25,Seller
16-Sep,"Washington, DC metro area",363000,6049,7280,16603,35,98.9,5,0.86,3.46,91.2,36.43,Seller
16-Oct,"Washington, DC metro area",360000,5517,6113,15556,36,98.8,4.9,0.92,3.47,87.2,35.47,Seller
16-Nov,"Washington, DC metro area",370000,5283,4910,13896,36,98.7,4.7,1.16,3.77,93.8,38.02,Seller
16-Dec,"Washington, DC metro area",372000,5585,3804,12041,43,98.8,4.7,1.3,4.2,98.2,46.38,Seller
17-Jan,"Washington, DC metro area",357000,4130,5414,11410,49,98.6,4.7,1.23,4.15,98.5,36.2,Seller
17-Feb,"Washington, DC metro area",360000,4372,7213,12068,46,98.8,4.6,1.22,4.17,96.3,36.23,Seller
17-Mar,"Washington, DC metro area",370000,6158,10432,13707,27,99,4.4,1.17,4.2,96.9,44.93,Seller
17-Apr,"Washington, DC metro area",390000,6417,9783,14888,17,99.4,4.4,1.06,4.05,97,43.1,Seller
17-May,"Washington, DC metro area",400000,7902,9950,15406,16,99.4,4.4,1,4.01,97.1,51.29,Seller
17-Jun,"Washington, DC metro area",405000,8667,9448,15975,18,99.3,4.3,0.84,3.9,95,54.25,Seller
17-Jul,"Washington, DC metro area",395000,7388,7649,15807,21,99.2,4.3,0.95,3.97,93.4,46.74,Seller
17-Aug,"Washington, DC metro area",386000,7148,7306,15373,27,99.1,4.4,0.87,3.88,96.8,46.5,Seller
17-Sep,"Washington, DC metro area",368000,5800,7627,15808,29,99,4.3,0.82,3.81,95.1,36.69,Seller
17-Oct,"Washington, DC metro area",378000,6029,6645,14882,28,99.1,4.2,0.81,3.9,100.7,40.51,Seller
17-Nov,"Washington, DC metro area",385000,5547,5011,13092,32,98.9,4.2,0.66,3.92,98.5,42.37,Seller
17-Dec,"Washington, DC metro area",385000,5478,3405,11016,39,98.9,4.1,0.56,3.95,95.9,49.73,Seller
18-Jan,"Washington, DC metro area",364000,4108,5289,10190,43,98.8,4,0.55,4.03,95.7,40.31,Seller
18-Feb,"Washington, DC metro area",375000,4382,6745,10621,43,99,4.1,0.68,4.33,99.7,41.26,Seller
18-Mar,"Washington, DC metro area",391000,5940,9556,11728,21,99.3,4,0.57,4.44,101.4,50.65,Seller
18-Apr,"Washington, DC metro area",405000,6699,10330,13241,13,99.5,4,0.48,4.47,98.8,50.59,Seller
18-May,"Washington, DC metro area",410000,7817,10287,14313,14,99.6,3.8,0.47,4.59,98,54.61,Seller
18-Jun,"Washington, DC metro area",418000,8283,8807,14450,15,99.7,4,0.38,4.57,98.2,57.32,Seller
18-Jul,"Washington, DC metro area",400000,7485,7630,13966,19,99.3,3.8,0.28,4.53,97.9,53.59,Seller
18-Aug,"Washington, DC metro area",399000,7069,7253,14092,24,99.2,3.8,0.25,4.55,96.2,50.16,Seller
18-Sep,"Washington, DC metro area",382000,5254,6964,15601,28,99.1,3.7,0.24,4.63,100.1,33.68,Seller
18-Oct,"Washington, DC metro area",390000,5875,6515,15466,43,99.1,3.8,0.29,4.83,98.6,37.99,Seller
18-Nov,"Washington, DC metro area",390000,5503,4626,13395,48,98.9,3.8,0.26,4.87,97.5,41.08,Seller
18-Dec,"Washington, DC metro area",399000,5180,3026,11033,50,98.9,3.9,0.16,4.64,98.3,46.95,Seller
19-Jan,"Washington, DC metro area",385000,4079,4932,10752,60,98.8,4,0.17,4.46,91.2,37.94,Seller
19-Feb,"Washington, DC metro area",387000,4153,6005,11245,48,99.1,3.8,0.17,4.37,93.8,36.93,Seller
19-Mar,"Washington, DC metro area",405000,5791,8818,12537,33,99.5,3.8,0.16,4.27,98.4,46.19,Seller
19-Apr,"Washington, DC metro area",420000,6759,9711,13828,24,99.8,3.7,0.19,4.14,97.2,48.88,Seller
19-May,"Washington, DC metro area",423000,8003,9851,14993,23,99.8,3.6,0.19,4.07,100,53.38,Seller
19-Jun,"Washington, DC metro area",427000,7681,7974,15073,26,99.7,3.6,0.26,3.8,98.2,50.96,Seller
19-Jul,"Washington, DC metro area",420000,7476,7228,14235,28,99.6,3.7,0.22,3.77,98.4,52.52,Seller
19-Aug,"Washington, DC metro area",415000,6908,6820,13856,33,99.5,3.6,0.06,3.62,89.8,49.86,Seller
19-Sep,"Washington, DC metro area",400000,5849,7049,14238,35,99.3,3.5,0.05,3.61,93.2,41.08,Seller
19-Oct,"Washington, DC metro area",410000,6096,6394,13687,34,99.4,3.6,0.16,3.69,95.5,44.54,Seller
19-Nov,"Washington, DC metro area",415000,5133,4446,12000,37,99.4,3.6,0.2,3.7,96.8,42.78,Seller
19-Dec,"Washington, DC metro area",419000,5608,3017,9590,42,99.2,3.6,0.25,3.72,99.3,58.48,Seller
20-Jan,"Washington, DC metro area",399000,4098,5346,9657,52,98.9,3.6,0.24,3.62,99.8,42.44,Seller
20-Feb,"Washington, DC metro area",418000,4527,6570,10105,38,99.5,3.5,0.17,3.47,101,44.8,Seller
20-Mar,"Washington, DC metro area",438000,6137,8495,11376,27,100.1,4.4,0.42,3.45,89.1,53.95,Seller
20-Apr,"Washington, DC metro area",446000,5664,6205,11674,23,100.1,14.8,0.43,3.31,71.8,48.52,Seller
20-May,"Washington, DC metro area",440000,5510,6778,11519,30,99.7,13.2,0.5,3.23,72.3,47.83,Seller
20-Jun,"Washington, DC metro area",440000,7207,7661,10848,32,99.9,11,0.54,3.16,78.1,66.44,Seller
20-Jul,"Washington, DC metro area",470000,8099,8736,10966,29,100.2,10.2,0.48,3.02,72.5,73.86,Seller
20-Aug,"Washington, DC metro area",464000,7789,8040,10501,26,100.5,8.4,0.51,2.94,74.1,74.17,Seller
20-Sep,"Washington, DC metro area",455000,7666,8475,10857,26,100.4,7.8,0.54,2.89,80.4,70.61,Seller
20-Oct,"Washington, DC metro area",460000,7775,8746,11222,25,100.5,6.8,0.64,2.83,81.8,69.28,Seller
20-Nov,"Washington, DC metro area",450000,6754,5735,9998,26,100.4,6.7,0.7,2.77,76.9,67.55,Seller
20-Dec,"Washington, DC metro area",450000,7170,4426,7898,30,100.2,6.7,0.8,2.68,80.7,90.78,Seller
21-Jan,"Washington, DC metro area",441000,4821,5667,7655,34,100.3,6.4,0.95,2.74,79,62.98,Seller
21-Feb,"Washington, DC metro area",450000,5245,6058,7446,28,100.8,6.2,1.14,2.81,76.8,70.44,Seller
21-Mar,"Washington, DC metro area",479000,6965,9093,7776,19,101.7,6.1,1.46,3.08,84.9,89.57,Seller
21-Apr,"Washington, DC metro area",505000,8225,10514,9264,13,102.3,6.1,1.47,3.06,88.3,88.78,Seller
21-May,"Washington, DC metro area",514000,8499,9968,9668,10,102.8,5.8,1.47,2.96,82.9,87.91,Seller
21-Jun,"Washington, DC metro area",520000,9573,10289,10694,12,102.5,5.9,1.32,2.98,85.5,89.52,Seller
21-Jul,"Washington, DC metro area",507000,8521,9894,12216,17,101.7,5.4,1.1,2.87,81.2,69.75,Seller
21-Aug,"Washington, DC metro area",490000,8102,8005,11838,24,100.9,5.1,1.07,2.84,70.3,68.44,Seller
21-Sep,"Washington, DC metro area",480000,7168,8571,12506,29,100.5,4.7,1.13,2.9,72.8,57.32,Seller
21-Oct,"Washington, DC metro area",495000,7097,7191,11615,30,100.3,4.5,1.19,3.07,71.7,61.1,Seller
21-Nov,"Washington, DC metro area",495000,7114,5147,9418,33,100.3,4.1,1.05,3.07,67.4,75.54,Seller
21-Dec,"Washington, DC metro area",488000,6827,3757,6966,35,100.3,3.9,0.79,3.1,70.6,98,Seller
22-Jan,"Washington, DC metro area",473000,4381,4505,6222,38,100.2,4,0.78,3.45,67.2,70.41,Seller
22-Feb,"Washington, DC metro area",496000,4813,6108,6364,28,101.5,3.8,0.5,3.76,62.8,75.63,Seller
22-Mar,"Washington, DC metro area",525000,6648,8557,7369,15,102.6,3.6,0.22,4.17,59.4,90.22,Seller
22-Apr,"Washington, DC metro area",550000,6938,9182,8793,11,103.1,3.7,0.21,4.98,65.2,78.9,Seller
22-May,"Washington, DC metro area",555000,7584,8698,9777,12,102.8,3.6,0.28,5.23,58.4,77.57,Seller
22-Jun,"Washington, DC metro area",550000,7297,8568,11177,18,101.6,3.6,0.15,5.52,50,65.29,Seller
22-Jul,"Washington, DC metro area",530000,6030,7066,11824,26,100.5,3.5,-0.14,5.41,51.5,51,Seller
22-Aug,"Washington, DC metro area",520000,5912,5673,11072,32,99.7,3.6,-0.35,5.22,58.2,53.4,Seller
22-Sep,"Washington, DC metro area",500000,5229,6458,11657,36,99.5,3.5,-0.34,6.11,58.6,44.86,Seller
22-Oct,"Washington, DC metro area",518000,4641,5002,11407,36,99.5,3.6,-0.39,6.9,59.9,40.69,Seller
22-Nov,"Washington, DC metro area",500000,4053,3606,10138,42,99.2,3.6,-0.61,6.81,56.7,39.98,Seller
22-Dec,"Washington, DC metro area",490000,3892,2325,8100,46,98.9,3.5,-0.67,6.36,59.8,48.05,Seller
23-Jan,"Washington, DC metro area",475000,2887,3656,7633,59,98.7,3.4,-0.68,6.27,64.9,37.82,Seller
23-Feb,"Washington, DC metro area",508000,3560,4017,7165,46,99.6,3.6,-0.79,6.26,66.9,49.69,Seller
23-Mar,"Washington, DC metro area",523000,4658,6333,7979,32,100.2,3.5,-0.64,6.54,62,58.38,Seller
23-Apr,"Washington, DC metro area",545000,4687,5879,8233,27,100.9,3.4,-0.56,6.34,63.7,56.93,Seller
23-May,"Washington, DC metro area",560000,5757,6194,8096,23,101.3,3.7,-0.56,6.43,59,71.11,Seller
23-Jun,"Washington, DC metro area",557000,5942,6209,8416,24,101,3.6,-0.89,6.71,64.2,70.6,Seller
23-Jul,"Washington, DC metro area",545000,4867,5608,8605,26,100.8,3.5,-0.93,6.84,71.5,56.56,Seller
23-Aug,"Washington, DC metro area",550000,5128,5152,8403,28,100.4,3.8,-0.73,7.07,69.4,61.03,Seller
23-Sep,"Washington, DC metro area",520000,4188,5485,9282,30,100.2,3.8,-0.64,7.2,67.8,45.12,Seller
23-Oct,"Washington, DC metro area",527000,4160,4745,9260,32,100,3.8,-0.27,7.62,63.8,44.92,Seller
23-Nov,"Washington, DC metro area",525000,3768,3682,8547,35,99.5,3.7,-0.38,7.44,61.3,44.09,Seller
23-Dec,"Washington, DC metro area",521000,3561,2407,6986,40,99.5,3.7,-0.44,6.82,69.7,50.97,Seller
24-Jan,"Washington, DC metro area",512000,2922,3839,6819,48,99.4,3.7,-0.26,6.64,79,42.85,Seller
24-Feb,"Washington, DC metro area",535000,3588,4731,7233,35,100.1,3.9,-0.34,6.78,76.9,49.61,Seller
24-Mar,"Washington, DC metro area",555000,4183,5850,7834,28,100.9,3.8,-0.38,6.82,79.4,53.4,Seller
24-Apr,"Washington, DC metro area",578000,5095,6655,8412,24,101.3,3.9,-0.33,6.99,77.2,60.57,Seller
24-May,"Washington, DC metro area",590000,5532,7161,9181,22,101.6,4,-0.37,7.06,69.1,60.25,Seller